
  .   ____          _            __ _ _
 /\\ / ___'_ __ _ _(_)_ __  __ _ \ \ \ \
( ( )\___ | '_ | '_| | '_ \/ _` | \ \ \ \
 \\/  ___)| |_)| | | | | || (_| |  ) ) ) )
  '  |____| .__|_| |_|_| |_\__, | / / / /
 =========|_|==============|___/=/_/_/_/
 :: Spring Boot ::                (v3.1.4)

2026-07-31T07:51:28.146+01:00  INFO 96829 --- [           main] com.sabibiz.SabibizApplication           : Starting SabibizApplication v0.0.1-SNAPSHOT using Java 21.0.11 with PID 96829 (/home/collins/sabibiz-backend/target/sabibiz-backend-0.0.1-SNAPSHOT.jar started by collins in /home/collins/sabibiz-backend)
2026-07-31T07:51:28.150+01:00 DEBUG 96829 --- [           main] com.sabibiz.SabibizApplication           : Running with Spring Boot v3.1.4, Spring v6.0.12
2026-07-31T07:51:28.151+01:00  INFO 96829 --- [           main] com.sabibiz.SabibizApplication           : No active profile set, falling back to 1 default profile: "default"
2026-07-31T07:51:30.243+01:00  INFO 96829 --- [           main] .s.d.r.c.RepositoryConfigurationDelegate : Bootstrapping Spring Data JPA repositories in DEFAULT mode.
2026-07-31T07:51:30.510+01:00  INFO 96829 --- [           main] .s.d.r.c.RepositoryConfigurationDelegate : Finished Spring Data repository scanning in 249 ms. Found 15 JPA repository interfaces.
2026-07-31T07:51:31.906+01:00  INFO 96829 --- [           main] o.s.b.w.embedded.tomcat.TomcatWebServer  : Tomcat initialized with port(s): 8080 (http)
2026-07-31T07:51:31.928+01:00  INFO 96829 --- [           main] o.apache.catalina.core.StandardService   : Starting service [Tomcat]
2026-07-31T07:51:31.929+01:00  INFO 96829 --- [           main] o.apache.catalina.core.StandardEngine    : Starting Servlet engine: [Apache Tomcat/10.1.13]
2026-07-31T07:51:32.058+01:00  INFO 96829 --- [           main] o.a.c.c.C.[Tomcat].[localhost].[/]       : Initializing Spring embedded WebApplicationContext
2026-07-31T07:51:32.062+01:00  INFO 96829 --- [           main] w.s.c.ServletWebServerApplicationContext : Root WebApplicationContext: initialization completed in 3815 ms
2026-07-31T07:51:32.311+01:00  INFO 96829 --- [           main] com.zaxxer.hikari.HikariDataSource       : HikariPool-1 - Starting...
2026-07-31T07:51:32.670+01:00  INFO 96829 --- [           main] com.zaxxer.hikari.pool.HikariPool        : HikariPool-1 - Added connection conn0: url=jdbc:h2:mem:sabibizdb user=SA
2026-07-31T07:51:32.673+01:00  INFO 96829 --- [           main] com.zaxxer.hikari.HikariDataSource       : HikariPool-1 - Start completed.
2026-07-31T07:51:32.693+01:00  INFO 96829 --- [           main] o.s.b.a.h2.H2ConsoleAutoConfiguration    : H2 console available at '/h2-console'. Database available at 'jdbc:h2:mem:sabibizdb'
2026-07-31T07:51:32.979+01:00  INFO 96829 --- [           main] o.hibernate.jpa.internal.util.LogHelper  : HHH000204: Processing PersistenceUnitInfo [name: default]
2026-07-31T07:51:33.104+01:00  INFO 96829 --- [           main] org.hibernate.Version                    : HHH000412: Hibernate ORM core version 6.2.9.Final
2026-07-31T07:51:33.108+01:00  INFO 96829 --- [           main] org.hibernate.cfg.Environment            : HHH000406: Using bytecode reflection optimizer
2026-07-31T07:51:33.368+01:00  INFO 96829 --- [           main] o.h.b.i.BytecodeProviderInitiator        : HHH000021: Bytecode provider name : bytebuddy
2026-07-31T07:51:33.583+01:00  INFO 96829 --- [           main] o.s.o.j.p.SpringPersistenceUnitInfo      : No LoadTimeWeaver setup: ignoring JPA class transformer
2026-07-31T07:51:34.293+01:00  INFO 96829 --- [           main] o.h.b.i.BytecodeProviderInitiator        : HHH000021: Bytecode provider name : bytebuddy
2026-07-31T07:51:35.899+01:00  INFO 96829 --- [           main] o.h.e.t.j.p.i.JtaPlatformInitiator       : HHH000490: Using JtaPlatform implementation: [org.hibernate.engine.transaction.jta.platform.internal.NoJtaPlatform]
2026-07-31T07:51:35.958+01:00 DEBUG 96829 --- [           main] org.hibernate.SQL                        : 
    create table businesses (
        id bigint generated by default as identity,
        created_at timestamp(6) not null,
        updated_at timestamp(6),
        version bigint,
        address TEXT,
        allow_multi_branch boolean,
        allow_multi_currency boolean,
        alt_phone_number varchar(20),
        business_number varchar(50),
        city varchar(100),
        country varchar(100),
        currency_code varchar(3),
        currency_symbol varchar(5),
        date_format varchar(20),
        email varchar(100),
        is_active boolean,
        logo_url varchar(255),
        max_products integer,
        max_users integer,
        name varchar(200) not null,
        number_format varchar(20),
        phone_number varchar(20),
        postal_code varchar(20),
        registration_number varchar(50),
        settings JSON,
        state varchar(100),
        subscription_expires_at timestamp(6),
        subscription_status varchar(255) check (subscription_status in ('TRIAL','ACTIVE','EXPIRED','CANCELLED','SUSPENDED')),
        tax_number varchar(50),
        time_format varchar(10),
        timezone varchar(50),
        trade_name varchar(100),
        trial_ends_at timestamp(6),
        website varchar(200),
        primary key (id)
    )
Hibernate: 
    create table businesses (
        id bigint generated by default as identity,
        created_at timestamp(6) not null,
        updated_at timestamp(6),
        version bigint,
        address TEXT,
        allow_multi_branch boolean,
        allow_multi_currency boolean,
        alt_phone_number varchar(20),
        business_number varchar(50),
        city varchar(100),
        country varchar(100),
        currency_code varchar(3),
        currency_symbol varchar(5),
        date_format varchar(20),
        email varchar(100),
        is_active boolean,
        logo_url varchar(255),
        max_products integer,
        max_users integer,
        name varchar(200) not null,
        number_format varchar(20),
        phone_number varchar(20),
        postal_code varchar(20),
        registration_number varchar(50),
        settings JSON,
        state varchar(100),
        subscription_expires_at timestamp(6),
        subscription_status varchar(255) check (subscription_status in ('TRIAL','ACTIVE','EXPIRED','CANCELLED','SUSPENDED')),
        tax_number varchar(50),
        time_format varchar(10),
        timezone varchar(50),
        trade_name varchar(100),
        trial_ends_at timestamp(6),
        website varchar(200),
        primary key (id)
    )
2026-07-31T07:51:35.975+01:00 DEBUG 96829 --- [           main] org.hibernate.SQL                        : 
    create table categories (
        id bigint generated by default as identity,
        created_at timestamp(6) not null,
        updated_at timestamp(6),
        version bigint,
        description varchar(500),
        image_url varchar(255),
        is_active boolean,
        name varchar(100) not null,
        sort_order integer,
        business_id bigint not null,
        parent_id bigint,
        primary key (id)
    )
Hibernate: 
    create table categories (
        id bigint generated by default as identity,
        created_at timestamp(6) not null,
        updated_at timestamp(6),
        version bigint,
        description varchar(500),
        image_url varchar(255),
        is_active boolean,
        name varchar(100) not null,
        sort_order integer,
        business_id bigint not null,
        parent_id bigint,
        primary key (id)
    )
2026-07-31T07:51:35.978+01:00 DEBUG 96829 --- [           main] org.hibernate.SQL                        : 
    create table customers (
        id bigint generated by default as identity,
        created_at timestamp(6) not null,
        updated_at timestamp(6),
        version bigint,
        address TEXT,
        alt_phone_number varchar(20),
        blacklist_reason TEXT,
        city varchar(100),
        country varchar(100),
        credit_limit numeric(19,4),
        current_balance numeric(19,4),
        customer_number varchar(100) not null,
        email varchar(100),
        is_active boolean,
        is_blacklisted boolean,
        last_payment_date date,
        last_purchase_date date,
        loyalty_points integer,
        name varchar(200) not null,
        notes TEXT,
        payment_terms_days integer,
        phone_number varchar(20),
        postal_code varchar(20),
        tax_number varchar(50),
        total_payments numeric(19,4),
        total_purchases numeric(19,4),
        business_id bigint not null,
        primary key (id)
    )
Hibernate: 
    create table customers (
        id bigint generated by default as identity,
        created_at timestamp(6) not null,
        updated_at timestamp(6),
        version bigint,
        address TEXT,
        alt_phone_number varchar(20),
        blacklist_reason TEXT,
        city varchar(100),
        country varchar(100),
        credit_limit numeric(19,4),
        current_balance numeric(19,4),
        customer_number varchar(100) not null,
        email varchar(100),
        is_active boolean,
        is_blacklisted boolean,
        last_payment_date date,
        last_purchase_date date,
        loyalty_points integer,
        name varchar(200) not null,
        notes TEXT,
        payment_terms_days integer,
        phone_number varchar(20),
        postal_code varchar(20),
        tax_number varchar(50),
        total_payments numeric(19,4),
        total_purchases numeric(19,4),
        business_id bigint not null,
        primary key (id)
    )
2026-07-31T07:51:35.981+01:00 DEBUG 96829 --- [           main] org.hibernate.SQL                        : 
    create table debts (
        id bigint generated by default as identity,
        created_at timestamp(6) not null,
        updated_at timestamp(6),
        version bigint,
        balance_amount numeric(19,4),
        days_overdue integer,
        debt_number varchar(50) not null,
        debt_type varchar(255) not null check (debt_type in ('CUSTOMER_DEBT','SUPPLIER_DEBT','LOAN','OTHER')),
        due_date date,
        interest_amount numeric(19,4),
        interest_rate numeric(5,2),
        is_overdue boolean,
        last_payment_date date,
        next_due_date date,
        notes TEXT,
        original_amount numeric(19,4) not null,
        paid_amount numeric(19,4),
        paid_date date,
        payment_terms_days integer,
        status varchar(255) not null check (status in ('PENDING','PARTIAL','PAID','OVERDUE','CANCELLED','WRITTEN_OFF','DISPUTED')),
        business_id bigint not null,
        created_by bigint,
        customer_id bigint,
        purchase_order_id bigint,
        sale_id bigint,
        supplier_id bigint,
        primary key (id)
    )
Hibernate: 
    create table debts (
        id bigint generated by default as identity,
        created_at timestamp(6) not null,
        updated_at timestamp(6),
        version bigint,
        balance_amount numeric(19,4),
        days_overdue integer,
        debt_number varchar(50) not null,
        debt_type varchar(255) not null check (debt_type in ('CUSTOMER_DEBT','SUPPLIER_DEBT','LOAN','OTHER')),
        due_date date,
        interest_amount numeric(19,4),
        interest_rate numeric(5,2),
        is_overdue boolean,
        last_payment_date date,
        next_due_date date,
        notes TEXT,
        original_amount numeric(19,4) not null,
        paid_amount numeric(19,4),
        paid_date date,
        payment_terms_days integer,
        status varchar(255) not null check (status in ('PENDING','PARTIAL','PAID','OVERDUE','CANCELLED','WRITTEN_OFF','DISPUTED')),
        business_id bigint not null,
        created_by bigint,
        customer_id bigint,
        purchase_order_id bigint,
        sale_id bigint,
        supplier_id bigint,
        primary key (id)
    )
2026-07-31T07:51:35.985+01:00 DEBUG 96829 --- [           main] org.hibernate.SQL                        : 
    create table expenses (
        id bigint generated by default as identity,
        created_at timestamp(6) not null,
        updated_at timestamp(6),
        version bigint,
        amount numeric(19,4) not null,
        expense_category varchar(255) not null check (expense_category in ('RENT','UTILITIES','SALARIES','MARKETING','OFFICE_SUPPLIES','MAINTENANCE','INSURANCE','TAXES','LEGAL_PROFESSIONAL','TRAVEL','EQUIPMENT','SOFTWARE_SUBSCRIPTIONS','BANK_FEES','INTEREST','DEPRECIATION','OTHER')),
        description TEXT,
        due_date date,
        expense_date date not null,
        expense_number varchar(50) not null,
        is_recurring boolean,
        next_due_date date,
        paid_date date,
        payment_method varchar(255) check (payment_method in ('CASH','BANK_TRANSFER','CREDIT_CARD','DEBIT_CARD','MOBILE_MONEY','CHECK','BANK_DEPOSIT','ONLINE_PAYMENT','CRYPTOCURRENCY','OTHER')),
        payment_status varchar(255) not null check (payment_status in ('PENDING','PROCESSING','COMPLETED','FAILED','CANCELLED','REFUNDED','PARTIAL','OVERDUE','UNPAID')),
        receipt_url varchar(255),
        recurrence_pattern varchar(20),
        reference_number varchar(100),
        tax_amount numeric(19,4),
        total_amount numeric(19,4),
        business_id bigint not null,
        created_by bigint,
        supplier_id bigint,
        primary key (id)
    )
Hibernate: 
    create table expenses (
        id bigint generated by default as identity,
        created_at timestamp(6) not null,
        updated_at timestamp(6),
        version bigint,
        amount numeric(19,4) not null,
        expense_category varchar(255) not null check (expense_category in ('RENT','UTILITIES','SALARIES','MARKETING','OFFICE_SUPPLIES','MAINTENANCE','INSURANCE','TAXES','LEGAL_PROFESSIONAL','TRAVEL','EQUIPMENT','SOFTWARE_SUBSCRIPTIONS','BANK_FEES','INTEREST','DEPRECIATION','OTHER')),
        description TEXT,
        due_date date,
        expense_date date not null,
        expense_number varchar(50) not null,
        is_recurring boolean,
        next_due_date date,
        paid_date date,
        payment_method varchar(255) check (payment_method in ('CASH','BANK_TRANSFER','CREDIT_CARD','DEBIT_CARD','MOBILE_MONEY','CHECK','BANK_DEPOSIT','ONLINE_PAYMENT','CRYPTOCURRENCY','OTHER')),
        payment_status varchar(255) not null check (payment_status in ('PENDING','PROCESSING','COMPLETED','FAILED','CANCELLED','REFUNDED','PARTIAL','OVERDUE','UNPAID')),
        receipt_url varchar(255),
        recurrence_pattern varchar(20),
        reference_number varchar(100),
        tax_amount numeric(19,4),
        total_amount numeric(19,4),
        business_id bigint not null,
        created_by bigint,
        supplier_id bigint,
        primary key (id)
    )
2026-07-31T07:51:35.987+01:00 DEBUG 96829 --- [           main] org.hibernate.SQL                        : 
    create table payment_methods (
        id bigint generated by default as identity,
        created_at timestamp(6) not null,
        updated_at timestamp(6),
        version bigint,
        code varchar(50) not null,
        config JSON,
        description varchar(200),
        icon varchar(255),
        is_active boolean,
        is_default boolean,
        method_type varchar(255) not null check (method_type in ('CASH','BANK_TRANSFER','CARD','MOBILE_MONEY','CHECK','ONLINE','CRYPTO','OTHER')),
        name varchar(100) not null,
        sort_order integer,
        business_id bigint not null,
        primary key (id)
    )
Hibernate: 
    create table payment_methods (
        id bigint generated by default as identity,
        created_at timestamp(6) not null,
        updated_at timestamp(6),
        version bigint,
        code varchar(50) not null,
        config JSON,
        description varchar(200),
        icon varchar(255),
        is_active boolean,
        is_default boolean,
        method_type varchar(255) not null check (method_type in ('CASH','BANK_TRANSFER','CARD','MOBILE_MONEY','CHECK','ONLINE','CRYPTO','OTHER')),
        name varchar(100) not null,
        sort_order integer,
        business_id bigint not null,
        primary key (id)
    )
2026-07-31T07:51:35.989+01:00 DEBUG 96829 --- [           main] org.hibernate.SQL                        : 
    create table payments (
        id bigint generated by default as identity,
        created_at timestamp(6) not null,
        updated_at timestamp(6),
        version bigint,
        amount numeric(19,4) not null,
        confirmed_at timestamp(6),
        confirmed_by bigint,
        due_date date,
        notes TEXT,
        payment_date date not null,
        payment_method varchar(255) not null check (payment_method in ('CASH','BANK_TRANSFER','CREDIT_CARD','DEBIT_CARD','MOBILE_MONEY','CHECK','BANK_DEPOSIT','ONLINE_PAYMENT','CRYPTOCURRENCY','OTHER')),
        payment_number varchar(50) not null,
        payment_type varchar(255) not null check (payment_type in ('CUSTOMER_PAYMENT','SUPPLIER_PAYMENT','EXPENSE_PAYMENT','DEBT_PAYMENT','SALE_PAYMENT','PURCHASE_PAYMENT','REFUND','OTHER')),
        receipt_url varchar(255),
        received_from varchar(200),
        reference_number varchar(100),
        status varchar(255) not null check (status in ('PENDING','PROCESSING','COMPLETED','FAILED','CANCELLED','REFUNDED','PARTIAL','OVERDUE','UNPAID')),
        tax_amount numeric(19,4),
        total_amount numeric(19,4),
        business_id bigint not null,
        created_by bigint,
        customer_id bigint,
        debt_id bigint,
        expense_id bigint,
        purchase_order_id bigint,
        sale_id bigint,
        supplier_id bigint,
        primary key (id)
    )
Hibernate: 
    create table payments (
        id bigint generated by default as identity,
        created_at timestamp(6) not null,
        updated_at timestamp(6),
        version bigint,
        amount numeric(19,4) not null,
        confirmed_at timestamp(6),
        confirmed_by bigint,
        due_date date,
        notes TEXT,
        payment_date date not null,
        payment_method varchar(255) not null check (payment_method in ('CASH','BANK_TRANSFER','CREDIT_CARD','DEBIT_CARD','MOBILE_MONEY','CHECK','BANK_DEPOSIT','ONLINE_PAYMENT','CRYPTOCURRENCY','OTHER')),
        payment_number varchar(50) not null,
        payment_type varchar(255) not null check (payment_type in ('CUSTOMER_PAYMENT','SUPPLIER_PAYMENT','EXPENSE_PAYMENT','DEBT_PAYMENT','SALE_PAYMENT','PURCHASE_PAYMENT','REFUND','OTHER')),
        receipt_url varchar(255),
        received_from varchar(200),
        reference_number varchar(100),
        status varchar(255) not null check (status in ('PENDING','PROCESSING','COMPLETED','FAILED','CANCELLED','REFUNDED','PARTIAL','OVERDUE','UNPAID')),
        tax_amount numeric(19,4),
        total_amount numeric(19,4),
        business_id bigint not null,
        created_by bigint,
        customer_id bigint,
        debt_id bigint,
        expense_id bigint,
        purchase_order_id bigint,
        sale_id bigint,
        supplier_id bigint,
        primary key (id)
    )
2026-07-31T07:51:35.992+01:00 DEBUG 96829 --- [           main] org.hibernate.SQL                        : 
    create table products (
        id bigint generated by default as identity,
        created_at timestamp(6) not null,
        updated_at timestamp(6),
        version bigint,
        barcode varchar(50),
        cost_price numeric(19,4) not null,
        current_stock integer,
        description varchar(1000),
        image_url varchar(255),
        is_active boolean,
        is_service boolean,
        max_stock_level integer,
        min_stock_level integer,
        name varchar(200) not null,
        reserved_stock integer,
        selling_price numeric(19,4) not null,
        sku varchar(100),
        tax_rate numeric(5,2),
        track_stock boolean,
        unit_of_measure varchar(20),
        wholesale_price numeric(19,4),
        business_id bigint not null,
        category_id bigint,
        supplier_id bigint,
        primary key (id)
    )
Hibernate: 
    create table products (
        id bigint generated by default as identity,
        created_at timestamp(6) not null,
        updated_at timestamp(6),
        version bigint,
        barcode varchar(50),
        cost_price numeric(19,4) not null,
        current_stock integer,
        description varchar(1000),
        image_url varchar(255),
        is_active boolean,
        is_service boolean,
        max_stock_level integer,
        min_stock_level integer,
        name varchar(200) not null,
        reserved_stock integer,
        selling_price numeric(19,4) not null,
        sku varchar(100),
        tax_rate numeric(5,2),
        track_stock boolean,
        unit_of_measure varchar(20),
        wholesale_price numeric(19,4),
        business_id bigint not null,
        category_id bigint,
        supplier_id bigint,
        primary key (id)
    )
2026-07-31T07:51:35.994+01:00 DEBUG 96829 --- [           main] org.hibernate.SQL                        : 
    create table purchase_order_items (
        id bigint generated by default as identity,
        created_at timestamp(6) not null,
        updated_at timestamp(6),
        version bigint,
        discount_amount numeric(19,4),
        discount_percent numeric(5,2),
        line_total numeric(19,4) not null,
        quantity_ordered integer not null,
        quantity_received integer,
        tax_amount numeric(19,4),
        tax_rate numeric(5,2),
        unit_of_measure varchar(20),
        unit_price numeric(19,4) not null,
        product_id bigint not null,
        purchase_order_id bigint not null,
        primary key (id)
    )
Hibernate: 
    create table purchase_order_items (
        id bigint generated by default as identity,
        created_at timestamp(6) not null,
        updated_at timestamp(6),
        version bigint,
        discount_amount numeric(19,4),
        discount_percent numeric(5,2),
        line_total numeric(19,4) not null,
        quantity_ordered integer not null,
        quantity_received integer,
        tax_amount numeric(19,4),
        tax_rate numeric(5,2),
        unit_of_measure varchar(20),
        unit_price numeric(19,4) not null,
        product_id bigint not null,
        purchase_order_id bigint not null,
        primary key (id)
    )
2026-07-31T07:51:35.996+01:00 DEBUG 96829 --- [           main] org.hibernate.SQL                        : 
    create table purchase_orders (
        id bigint generated by default as identity,
        created_at timestamp(6) not null,
        updated_at timestamp(6),
        version bigint,
        actual_delivery_date date,
        discount_amount numeric(19,4),
        expected_delivery_date date,
        notes TEXT,
        order_date date not null,
        order_number varchar(50) not null,
        paid_amount numeric(19,4),
        payment_method varchar(255) check (payment_method in ('CASH','BANK_TRANSFER','CREDIT_CARD','DEBIT_CARD','MOBILE_MONEY','CHECK','BANK_DEPOSIT','ONLINE_PAYMENT','CRYPTOCURRENCY','OTHER')),
        reference_number varchar(100),
        status varchar(255) not null check (status in ('DRAFT','ORDERED','PARTIAL_RECEIVED','RECEIVED','CANCELLED','CLOSED')),
        subtotal numeric(19,4) not null,
        tax_amount numeric(19,4),
        total_amount numeric(19,4) not null,
        business_id bigint not null,
        created_by bigint,
        supplier_id bigint not null,
        primary key (id)
    )
Hibernate: 
    create table purchase_orders (
        id bigint generated by default as identity,
        created_at timestamp(6) not null,
        updated_at timestamp(6),
        version bigint,
        actual_delivery_date date,
        discount_amount numeric(19,4),
        expected_delivery_date date,
        notes TEXT,
        order_date date not null,
        order_number varchar(50) not null,
        paid_amount numeric(19,4),
        payment_method varchar(255) check (payment_method in ('CASH','BANK_TRANSFER','CREDIT_CARD','DEBIT_CARD','MOBILE_MONEY','CHECK','BANK_DEPOSIT','ONLINE_PAYMENT','CRYPTOCURRENCY','OTHER')),
        reference_number varchar(100),
        status varchar(255) not null check (status in ('DRAFT','ORDERED','PARTIAL_RECEIVED','RECEIVED','CANCELLED','CLOSED')),
        subtotal numeric(19,4) not null,
        tax_amount numeric(19,4),
        total_amount numeric(19,4) not null,
        business_id bigint not null,
        created_by bigint,
        supplier_id bigint not null,
        primary key (id)
    )
2026-07-31T07:51:36.000+01:00 DEBUG 96829 --- [           main] org.hibernate.SQL                        : 
    create table sale_items (
        id bigint generated by default as identity,
        created_at timestamp(6) not null,
        updated_at timestamp(6),
        version bigint,
        discount_amount numeric(19,4),
        discount_percent numeric(5,2),
        line_total numeric(19,4) not null,
        product_snapshot JSON,
        quantity integer not null,
        tax_amount numeric(19,4),
        tax_rate numeric(5,2),
        unit_of_measure varchar(20),
        unit_price numeric(19,4) not null,
        product_id bigint not null,
        sale_id bigint not null,
        primary key (id)
    )
Hibernate: 
    create table sale_items (
        id bigint generated by default as identity,
        created_at timestamp(6) not null,
        updated_at timestamp(6),
        version bigint,
        discount_amount numeric(19,4),
        discount_percent numeric(5,2),
        line_total numeric(19,4) not null,
        product_snapshot JSON,
        quantity integer not null,
        tax_amount numeric(19,4),
        tax_rate numeric(5,2),
        unit_of_measure varchar(20),
        unit_price numeric(19,4) not null,
        product_id bigint not null,
        sale_id bigint not null,
        primary key (id)
    )
2026-07-31T07:51:36.001+01:00 DEBUG 96829 --- [           main] org.hibernate.SQL                        : 
    create table sales (
        id bigint generated by default as identity,
        created_at timestamp(6) not null,
        updated_at timestamp(6),
        version bigint,
        change_amount numeric(19,4),
        completed_at timestamp(6),
        discount_amount numeric(19,4),
        due_amount numeric(19,4),
        notes TEXT,
        paid_amount numeric(19,4),
        payment_method varchar(255) check (payment_method in ('CASH','BANK_TRANSFER','CREDIT_CARD','DEBIT_CARD','MOBILE_MONEY','CHECK','BANK_DEPOSIT','ONLINE_PAYMENT','CRYPTOCURRENCY','OTHER')),
        payment_status varchar(255) not null check (payment_status in ('PENDING','PROCESSING','COMPLETED','FAILED','CANCELLED','REFUNDED','PARTIAL','OVERDUE','UNPAID')),
        reference_number varchar(100),
        sale_date timestamp(6) not null,
        sale_number varchar(50) not null,
        status varchar(255) not null check (status in ('PENDING','COMPLETED','CANCELLED','REFUNDED','PARTIAL_REFUND')),
        subtotal numeric(19,4) not null,
        tax_amount numeric(19,4),
        total_amount numeric(19,4) not null,
        business_id bigint not null,
        cashier_id bigint,
        customer_id bigint,
        primary key (id)
    )
Hibernate: 
    create table sales (
        id bigint generated by default as identity,
        created_at timestamp(6) not null,
        updated_at timestamp(6),
        version bigint,
        change_amount numeric(19,4),
        completed_at timestamp(6),
        discount_amount numeric(19,4),
        due_amount numeric(19,4),
        notes TEXT,
        paid_amount numeric(19,4),
        payment_method varchar(255) check (payment_method in ('CASH','BANK_TRANSFER','CREDIT_CARD','DEBIT_CARD','MOBILE_MONEY','CHECK','BANK_DEPOSIT','ONLINE_PAYMENT','CRYPTOCURRENCY','OTHER')),
        payment_status varchar(255) not null check (payment_status in ('PENDING','PROCESSING','COMPLETED','FAILED','CANCELLED','REFUNDED','PARTIAL','OVERDUE','UNPAID')),
        reference_number varchar(100),
        sale_date timestamp(6) not null,
        sale_number varchar(50) not null,
        status varchar(255) not null check (status in ('PENDING','COMPLETED','CANCELLED','REFUNDED','PARTIAL_REFUND')),
        subtotal numeric(19,4) not null,
        tax_amount numeric(19,4),
        total_amount numeric(19,4) not null,
        business_id bigint not null,
        cashier_id bigint,
        customer_id bigint,
        primary key (id)
    )
2026-07-31T07:51:36.005+01:00 DEBUG 96829 --- [           main] org.hibernate.SQL                        : 
    create table stock_movements (
        id bigint generated by default as identity,
        created_at timestamp(6) not null,
        updated_at timestamp(6),
        version bigint,
        movement_date timestamp(6) not null,
        movement_number varchar(50) not null,
        movement_type varchar(255) not null check (movement_type in ('PURCHASE_RECEIPT','PURCHASE_RETURN','SALE','SALE_RETURN','STOCK_ADJUSTMENT_IN','STOCK_ADJUSTMENT_OUT','STOCK_TRANSFER_IN','STOCK_TRANSFER_OUT','OPENING_STOCK','DAMAGE_LOSS','EXPIRY_WRITE_OFF','INVENTORY_COUNT_ADJUSTMENT')),
        notes TEXT,
        quantity integer not null,
        reference_id bigint,
        reference_number varchar(100),
        reference_type varchar(50),
        stock_after integer not null,
        stock_before integer not null,
        total_cost numeric(19,4),
        unit_cost numeric(19,4),
        unit_of_measure varchar(20),
        business_id bigint not null,
        created_by bigint,
        product_id bigint not null,
        primary key (id)
    )
Hibernate: 
    create table stock_movements (
        id bigint generated by default as identity,
        created_at timestamp(6) not null,
        updated_at timestamp(6),
        version bigint,
        movement_date timestamp(6) not null,
        movement_number varchar(50) not null,
        movement_type varchar(255) not null check (movement_type in ('PURCHASE_RECEIPT','PURCHASE_RETURN','SALE','SALE_RETURN','STOCK_ADJUSTMENT_IN','STOCK_ADJUSTMENT_OUT','STOCK_TRANSFER_IN','STOCK_TRANSFER_OUT','OPENING_STOCK','DAMAGE_LOSS','EXPIRY_WRITE_OFF','INVENTORY_COUNT_ADJUSTMENT')),
        notes TEXT,
        quantity integer not null,
        reference_id bigint,
        reference_number varchar(100),
        reference_type varchar(50),
        stock_after integer not null,
        stock_before integer not null,
        total_cost numeric(19,4),
        unit_cost numeric(19,4),
        unit_of_measure varchar(20),
        business_id bigint not null,
        created_by bigint,
        product_id bigint not null,
        primary key (id)
    )
2026-07-31T07:51:36.008+01:00 DEBUG 96829 --- [           main] org.hibernate.SQL                        : 
    create table suppliers (
        id bigint generated by default as identity,
        created_at timestamp(6) not null,
        updated_at timestamp(6),
        version bigint,
        address varchar(500),
        alternate_phone varchar(20),
        city varchar(100),
        contact_person varchar(100),
        country varchar(100),
        credit_limit numeric(19,4),
        current_balance numeric(19,4),
        email varchar(100),
        is_active boolean,
        name varchar(200) not null,
        notes varchar(1000),
        payment_terms_days integer,
        phone_number varchar(20),
        postal_code varchar(20),
        supplier_since date,
        tax_number varchar(50),
        business_id bigint not null,
        primary key (id)
    )
Hibernate: 
    create table suppliers (
        id bigint generated by default as identity,
        created_at timestamp(6) not null,
        updated_at timestamp(6),
        version bigint,
        address varchar(500),
        alternate_phone varchar(20),
        city varchar(100),
        contact_person varchar(100),
        country varchar(100),
        credit_limit numeric(19,4),
        current_balance numeric(19,4),
        email varchar(100),
        is_active boolean,
        name varchar(200) not null,
        notes varchar(1000),
        payment_terms_days integer,
        phone_number varchar(20),
        postal_code varchar(20),
        supplier_since date,
        tax_number varchar(50),
        business_id bigint not null,
        primary key (id)
    )
2026-07-31T07:51:36.010+01:00 DEBUG 96829 --- [           main] org.hibernate.SQL                        : 
    create table users (
        id bigint generated by default as identity,
        created_at timestamp(6) not null,
        updated_at timestamp(6),
        version bigint,
        email varchar(100) not null,
        first_name varchar(50),
        is_active boolean,
        last_login_at timestamp(6),
        last_name varchar(50),
        password varchar(255) not null,
        phone_number varchar(255),
        role varchar(255) not null check (role in ('ROLE_SUPER_ADMIN','ROLE_BUSINESS_OWNER','ROLE_MANAGER','ROLE_CASHIER','ROLE_VIEWER')),
        username varchar(50) not null,
        business_id bigint,
        primary key (id)
    )
Hibernate: 
    create table users (
        id bigint generated by default as identity,
        created_at timestamp(6) not null,
        updated_at timestamp(6),
        version bigint,
        email varchar(100) not null,
        first_name varchar(50),
        is_active boolean,
        last_login_at timestamp(6),
        last_name varchar(50),
        password varchar(255) not null,
        phone_number varchar(255),
        role varchar(255) not null check (role in ('ROLE_SUPER_ADMIN','ROLE_BUSINESS_OWNER','ROLE_MANAGER','ROLE_CASHIER','ROLE_VIEWER')),
        username varchar(50) not null,
        business_id bigint,
        primary key (id)
    )
2026-07-31T07:51:36.013+01:00 DEBUG 96829 --- [           main] org.hibernate.SQL                        : 
    alter table if exists businesses 
       drop constraint if exists UK_s5mnqn6lviusadqgtu9jq0kvv
Hibernate: 
    alter table if exists businesses 
       drop constraint if exists UK_s5mnqn6lviusadqgtu9jq0kvv
2026-07-31T07:51:36.014+01:00 DEBUG 96829 --- [           main] org.hibernate.SQL                        : 
    alter table if exists businesses 
       add constraint UK_s5mnqn6lviusadqgtu9jq0kvv unique (business_number)
Hibernate: 
    alter table if exists businesses 
       add constraint UK_s5mnqn6lviusadqgtu9jq0kvv unique (business_number)
2026-07-31T07:51:36.016+01:00 DEBUG 96829 --- [           main] org.hibernate.SQL                        : 
    alter table if exists businesses 
       drop constraint if exists UK_dvb0yd6uv9h9je9x5kh87ocpw
Hibernate: 
    alter table if exists businesses 
       drop constraint if exists UK_dvb0yd6uv9h9je9x5kh87ocpw
2026-07-31T07:51:36.016+01:00 DEBUG 96829 --- [           main] org.hibernate.SQL                        : 
    alter table if exists businesses 
       add constraint UK_dvb0yd6uv9h9je9x5kh87ocpw unique (registration_number)
Hibernate: 
    alter table if exists businesses 
       add constraint UK_dvb0yd6uv9h9je9x5kh87ocpw unique (registration_number)
2026-07-31T07:51:36.017+01:00 DEBUG 96829 --- [           main] org.hibernate.SQL                        : 
    alter table if exists businesses 
       drop constraint if exists UK_jyfhbr8q16qqbx8lxc460itrm
Hibernate: 
    alter table if exists businesses 
       drop constraint if exists UK_jyfhbr8q16qqbx8lxc460itrm
2026-07-31T07:51:36.017+01:00 DEBUG 96829 --- [           main] org.hibernate.SQL                        : 
    alter table if exists businesses 
       add constraint UK_jyfhbr8q16qqbx8lxc460itrm unique (tax_number)
Hibernate: 
    alter table if exists businesses 
       add constraint UK_jyfhbr8q16qqbx8lxc460itrm unique (tax_number)
2026-07-31T07:51:36.018+01:00 DEBUG 96829 --- [           main] org.hibernate.SQL                        : 
    alter table if exists customers 
       drop constraint if exists UK_t74y58jagthxqxysuw9l0jx6y
Hibernate: 
    alter table if exists customers 
       drop constraint if exists UK_t74y58jagthxqxysuw9l0jx6y
2026-07-31T07:51:36.018+01:00 DEBUG 96829 --- [           main] org.hibernate.SQL                        : 
    alter table if exists customers 
       add constraint UK_t74y58jagthxqxysuw9l0jx6y unique (customer_number)
Hibernate: 
    alter table if exists customers 
       add constraint UK_t74y58jagthxqxysuw9l0jx6y unique (customer_number)
2026-07-31T07:51:36.019+01:00 DEBUG 96829 --- [           main] org.hibernate.SQL                        : 
    alter table if exists debts 
       drop constraint if exists UK_gmcff0q8seo8ov9oed2ml0dw
Hibernate: 
    alter table if exists debts 
       drop constraint if exists UK_gmcff0q8seo8ov9oed2ml0dw
2026-07-31T07:51:36.019+01:00 DEBUG 96829 --- [           main] org.hibernate.SQL                        : 
    alter table if exists debts 
       add constraint UK_gmcff0q8seo8ov9oed2ml0dw unique (debt_number)
Hibernate: 
    alter table if exists debts 
       add constraint UK_gmcff0q8seo8ov9oed2ml0dw unique (debt_number)
2026-07-31T07:51:36.020+01:00 DEBUG 96829 --- [           main] org.hibernate.SQL                        : 
    alter table if exists expenses 
       drop constraint if exists UK_knf3m4m6amuxbgnn5tb4l59tj
Hibernate: 
    alter table if exists expenses 
       drop constraint if exists UK_knf3m4m6amuxbgnn5tb4l59tj
2026-07-31T07:51:36.020+01:00 DEBUG 96829 --- [           main] org.hibernate.SQL                        : 
    alter table if exists expenses 
       add constraint UK_knf3m4m6amuxbgnn5tb4l59tj unique (expense_number)
Hibernate: 
    alter table if exists expenses 
       add constraint UK_knf3m4m6amuxbgnn5tb4l59tj unique (expense_number)
2026-07-31T07:51:36.021+01:00 DEBUG 96829 --- [           main] org.hibernate.SQL                        : 
    alter table if exists payment_methods 
       drop constraint if exists UK_m36ap4hf05m0uihe5ftw2omon
Hibernate: 
    alter table if exists payment_methods 
       drop constraint if exists UK_m36ap4hf05m0uihe5ftw2omon
2026-07-31T07:51:36.021+01:00 DEBUG 96829 --- [           main] org.hibernate.SQL                        : 
    alter table if exists payment_methods 
       add constraint UK_m36ap4hf05m0uihe5ftw2omon unique (code)
Hibernate: 
    alter table if exists payment_methods 
       add constraint UK_m36ap4hf05m0uihe5ftw2omon unique (code)
2026-07-31T07:51:36.022+01:00 DEBUG 96829 --- [           main] org.hibernate.SQL                        : 
    alter table if exists payments 
       drop constraint if exists UK_c6nxg52ow66u8ut91bytspy64
Hibernate: 
    alter table if exists payments 
       drop constraint if exists UK_c6nxg52ow66u8ut91bytspy64
2026-07-31T07:51:36.023+01:00 DEBUG 96829 --- [           main] org.hibernate.SQL                        : 
    alter table if exists payments 
       add constraint UK_c6nxg52ow66u8ut91bytspy64 unique (payment_number)
Hibernate: 
    alter table if exists payments 
       add constraint UK_c6nxg52ow66u8ut91bytspy64 unique (payment_number)
2026-07-31T07:51:36.023+01:00 DEBUG 96829 --- [           main] org.hibernate.SQL                        : 
    alter table if exists products 
       drop constraint if exists UK_fhmd06dsmj6k0n90swsh8ie9g
Hibernate: 
    alter table if exists products 
       drop constraint if exists UK_fhmd06dsmj6k0n90swsh8ie9g
2026-07-31T07:51:36.024+01:00 DEBUG 96829 --- [           main] org.hibernate.SQL                        : 
    alter table if exists products 
       add constraint UK_fhmd06dsmj6k0n90swsh8ie9g unique (sku)
Hibernate: 
    alter table if exists products 
       add constraint UK_fhmd06dsmj6k0n90swsh8ie9g unique (sku)
2026-07-31T07:51:36.025+01:00 DEBUG 96829 --- [           main] org.hibernate.SQL                        : 
    alter table if exists purchase_orders 
       drop constraint if exists UK_nqsdqb8p2iobsmeaa2jxxw7k
Hibernate: 
    alter table if exists purchase_orders 
       drop constraint if exists UK_nqsdqb8p2iobsmeaa2jxxw7k
2026-07-31T07:51:36.027+01:00 DEBUG 96829 --- [           main] org.hibernate.SQL                        : 
    alter table if exists purchase_orders 
       add constraint UK_nqsdqb8p2iobsmeaa2jxxw7k unique (order_number)
Hibernate: 
    alter table if exists purchase_orders 
       add constraint UK_nqsdqb8p2iobsmeaa2jxxw7k unique (order_number)
2026-07-31T07:51:36.030+01:00 DEBUG 96829 --- [           main] org.hibernate.SQL                        : 
    alter table if exists sales 
       drop constraint if exists UK_n0mb9m597xrmi5jbiogh74174
Hibernate: 
    alter table if exists sales 
       drop constraint if exists UK_n0mb9m597xrmi5jbiogh74174
2026-07-31T07:51:36.030+01:00 DEBUG 96829 --- [           main] org.hibernate.SQL                        : 
    alter table if exists sales 
       add constraint UK_n0mb9m597xrmi5jbiogh74174 unique (sale_number)
Hibernate: 
    alter table if exists sales 
       add constraint UK_n0mb9m597xrmi5jbiogh74174 unique (sale_number)
2026-07-31T07:51:36.031+01:00 DEBUG 96829 --- [           main] org.hibernate.SQL                        : 
    alter table if exists stock_movements 
       drop constraint if exists UK_j9ms5rkr3gwq9bngml64syseb
Hibernate: 
    alter table if exists stock_movements 
       drop constraint if exists UK_j9ms5rkr3gwq9bngml64syseb
2026-07-31T07:51:36.031+01:00 DEBUG 96829 --- [           main] org.hibernate.SQL                        : 
    alter table if exists stock_movements 
       add constraint UK_j9ms5rkr3gwq9bngml64syseb unique (movement_number)
Hibernate: 
    alter table if exists stock_movements 
       add constraint UK_j9ms5rkr3gwq9bngml64syseb unique (movement_number)
2026-07-31T07:51:36.032+01:00 DEBUG 96829 --- [           main] org.hibernate.SQL                        : 
    alter table if exists users 
       drop constraint if exists UK_6dotkott2kjsp8vw4d0m25fb7
Hibernate: 
    alter table if exists users 
       drop constraint if exists UK_6dotkott2kjsp8vw4d0m25fb7
2026-07-31T07:51:36.033+01:00 DEBUG 96829 --- [           main] org.hibernate.SQL                        : 
    alter table if exists users 
       add constraint UK_6dotkott2kjsp8vw4d0m25fb7 unique (email)
Hibernate: 
    alter table if exists users 
       add constraint UK_6dotkott2kjsp8vw4d0m25fb7 unique (email)
2026-07-31T07:51:36.033+01:00 DEBUG 96829 --- [           main] org.hibernate.SQL                        : 
    alter table if exists users 
       drop constraint if exists UK_r43af9ap4edm43mmtq01oddj6
Hibernate: 
    alter table if exists users 
       drop constraint if exists UK_r43af9ap4edm43mmtq01oddj6
2026-07-31T07:51:36.034+01:00 DEBUG 96829 --- [           main] org.hibernate.SQL                        : 
    alter table if exists users 
       add constraint UK_r43af9ap4edm43mmtq01oddj6 unique (username)
Hibernate: 
    alter table if exists users 
       add constraint UK_r43af9ap4edm43mmtq01oddj6 unique (username)
2026-07-31T07:51:36.035+01:00 DEBUG 96829 --- [           main] org.hibernate.SQL                        : 
    alter table if exists categories 
       add constraint FK1uihumt7aa97ydn1x1qx415ln 
       foreign key (business_id) 
       references businesses
Hibernate: 
    alter table if exists categories 
       add constraint FK1uihumt7aa97ydn1x1qx415ln 
       foreign key (business_id) 
       references businesses
2026-07-31T07:51:36.041+01:00 DEBUG 96829 --- [           main] org.hibernate.SQL                        : 
    alter table if exists categories 
       add constraint FKsaok720gsu4u2wrgbk10b5n8d 
       foreign key (parent_id) 
       references categories
Hibernate: 
    alter table if exists categories 
       add constraint FKsaok720gsu4u2wrgbk10b5n8d 
       foreign key (parent_id) 
       references categories
2026-07-31T07:51:36.043+01:00 DEBUG 96829 --- [           main] org.hibernate.SQL                        : 
    alter table if exists customers 
       add constraint FKjjod36f7buv2adeptxcfec8jm 
       foreign key (business_id) 
       references businesses
Hibernate: 
    alter table if exists customers 
       add constraint FKjjod36f7buv2adeptxcfec8jm 
       foreign key (business_id) 
       references businesses
2026-07-31T07:51:36.045+01:00 DEBUG 96829 --- [           main] org.hibernate.SQL                        : 
    alter table if exists debts 
       add constraint FKj9ivqymol6pkmnboox64lgro3 
       foreign key (business_id) 
       references businesses
Hibernate: 
    alter table if exists debts 
       add constraint FKj9ivqymol6pkmnboox64lgro3 
       foreign key (business_id) 
       references businesses
2026-07-31T07:51:36.048+01:00 DEBUG 96829 --- [           main] org.hibernate.SQL                        : 
    alter table if exists debts 
       add constraint FKaokfnbst3t4fygws162tgdjq7 
       foreign key (created_by) 
       references users
Hibernate: 
    alter table if exists debts 
       add constraint FKaokfnbst3t4fygws162tgdjq7 
       foreign key (created_by) 
       references users
2026-07-31T07:51:36.050+01:00 DEBUG 96829 --- [           main] org.hibernate.SQL                        : 
    alter table if exists debts 
       add constraint FKq9by71v5v6q13myfbcl4hfybc 
       foreign key (customer_id) 
       references customers
Hibernate: 
    alter table if exists debts 
       add constraint FKq9by71v5v6q13myfbcl4hfybc 
       foreign key (customer_id) 
       references customers
2026-07-31T07:51:36.052+01:00 DEBUG 96829 --- [           main] org.hibernate.SQL                        : 
    alter table if exists debts 
       add constraint FKdmcaf12hnb40l8lg04f9ca8ck 
       foreign key (purchase_order_id) 
       references purchase_orders
Hibernate: 
    alter table if exists debts 
       add constraint FKdmcaf12hnb40l8lg04f9ca8ck 
       foreign key (purchase_order_id) 
       references purchase_orders
2026-07-31T07:51:36.057+01:00 DEBUG 96829 --- [           main] org.hibernate.SQL                        : 
    alter table if exists debts 
       add constraint FK9k92krrfqqy873fg8m89bmq2s 
       foreign key (sale_id) 
       references sales
Hibernate: 
    alter table if exists debts 
       add constraint FK9k92krrfqqy873fg8m89bmq2s 
       foreign key (sale_id) 
       references sales
2026-07-31T07:51:36.059+01:00 DEBUG 96829 --- [           main] org.hibernate.SQL                        : 
    alter table if exists debts 
       add constraint FKqibj2wn7wbv7udvyjq1fq38tw 
       foreign key (supplier_id) 
       references suppliers
Hibernate: 
    alter table if exists debts 
       add constraint FKqibj2wn7wbv7udvyjq1fq38tw 
       foreign key (supplier_id) 
       references suppliers
2026-07-31T07:51:36.060+01:00 DEBUG 96829 --- [           main] org.hibernate.SQL                        : 
    alter table if exists expenses 
       add constraint FKnnnecovd55co0aalspyaybpuk 
       foreign key (business_id) 
       references businesses
Hibernate: 
    alter table if exists expenses 
       add constraint FKnnnecovd55co0aalspyaybpuk 
       foreign key (business_id) 
       references businesses
2026-07-31T07:51:36.062+01:00 DEBUG 96829 --- [           main] org.hibernate.SQL                        : 
    alter table if exists expenses 
       add constraint FKko0thccfpwh1bj150j3d4kq7m 
       foreign key (created_by) 
       references users
Hibernate: 
    alter table if exists expenses 
       add constraint FKko0thccfpwh1bj150j3d4kq7m 
       foreign key (created_by) 
       references users
2026-07-31T07:51:36.064+01:00 DEBUG 96829 --- [           main] org.hibernate.SQL                        : 
    alter table if exists expenses 
       add constraint FKfjoad4r8hmgwy9yu8aigjj0r8 
       foreign key (supplier_id) 
       references suppliers
Hibernate: 
    alter table if exists expenses 
       add constraint FKfjoad4r8hmgwy9yu8aigjj0r8 
       foreign key (supplier_id) 
       references suppliers
2026-07-31T07:51:36.066+01:00 DEBUG 96829 --- [           main] org.hibernate.SQL                        : 
    alter table if exists payment_methods 
       add constraint FKffug8b0m38btx78tte7hmly3o 
       foreign key (business_id) 
       references businesses
Hibernate: 
    alter table if exists payment_methods 
       add constraint FKffug8b0m38btx78tte7hmly3o 
       foreign key (business_id) 
       references businesses
2026-07-31T07:51:36.068+01:00 DEBUG 96829 --- [           main] org.hibernate.SQL                        : 
    alter table if exists payments 
       add constraint FKhx8yyee84j5wcdd9ls1wwbm29 
       foreign key (business_id) 
       references businesses
Hibernate: 
    alter table if exists payments 
       add constraint FKhx8yyee84j5wcdd9ls1wwbm29 
       foreign key (business_id) 
       references businesses
2026-07-31T07:51:36.069+01:00 DEBUG 96829 --- [           main] org.hibernate.SQL                        : 
    alter table if exists payments 
       add constraint FK44957q7sogi6mtk6hs19kgycu 
       foreign key (created_by) 
       references users
Hibernate: 
    alter table if exists payments 
       add constraint FK44957q7sogi6mtk6hs19kgycu 
       foreign key (created_by) 
       references users
2026-07-31T07:51:36.071+01:00 DEBUG 96829 --- [           main] org.hibernate.SQL                        : 
    alter table if exists payments 
       add constraint FK45dp0030s8e3myd8n6ky4e79g 
       foreign key (customer_id) 
       references customers
Hibernate: 
    alter table if exists payments 
       add constraint FK45dp0030s8e3myd8n6ky4e79g 
       foreign key (customer_id) 
       references customers
2026-07-31T07:51:36.072+01:00 DEBUG 96829 --- [           main] org.hibernate.SQL                        : 
    alter table if exists payments 
       add constraint FK84py8e85kpghltba87senn946 
       foreign key (debt_id) 
       references debts
Hibernate: 
    alter table if exists payments 
       add constraint FK84py8e85kpghltba87senn946 
       foreign key (debt_id) 
       references debts
2026-07-31T07:51:36.073+01:00 DEBUG 96829 --- [           main] org.hibernate.SQL                        : 
    alter table if exists payments 
       add constraint FK1d93wejvmgfdhl73pgwc5qbaf 
       foreign key (expense_id) 
       references expenses
Hibernate: 
    alter table if exists payments 
       add constraint FK1d93wejvmgfdhl73pgwc5qbaf 
       foreign key (expense_id) 
       references expenses
2026-07-31T07:51:36.075+01:00 DEBUG 96829 --- [           main] org.hibernate.SQL                        : 
    alter table if exists payments 
       add constraint FK942w0dhr745mqsl8fve0lwly4 
       foreign key (purchase_order_id) 
       references purchase_orders
Hibernate: 
    alter table if exists payments 
       add constraint FK942w0dhr745mqsl8fve0lwly4 
       foreign key (purchase_order_id) 
       references purchase_orders
2026-07-31T07:51:36.077+01:00 DEBUG 96829 --- [           main] org.hibernate.SQL                        : 
    alter table if exists payments 
       add constraint FKl5ax948m03dbdcy3i0aql4jil 
       foreign key (sale_id) 
       references sales
Hibernate: 
    alter table if exists payments 
       add constraint FKl5ax948m03dbdcy3i0aql4jil 
       foreign key (sale_id) 
       references sales
2026-07-31T07:51:36.079+01:00 DEBUG 96829 --- [           main] org.hibernate.SQL                        : 
    alter table if exists payments 
       add constraint FKr0gunbga56b1mihryahwwqry9 
       foreign key (supplier_id) 
       references suppliers
Hibernate: 
    alter table if exists payments 
       add constraint FKr0gunbga56b1mihryahwwqry9 
       foreign key (supplier_id) 
       references suppliers
2026-07-31T07:51:36.082+01:00 DEBUG 96829 --- [           main] org.hibernate.SQL                        : 
    alter table if exists products 
       add constraint FKi65q12p725kxcn1jcosg2x9y4 
       foreign key (business_id) 
       references businesses
Hibernate: 
    alter table if exists products 
       add constraint FKi65q12p725kxcn1jcosg2x9y4 
       foreign key (business_id) 
       references businesses
2026-07-31T07:51:36.083+01:00 DEBUG 96829 --- [           main] org.hibernate.SQL                        : 
    alter table if exists products 
       add constraint FKog2rp4qthbtt2lfyhfo32lsw9 
       foreign key (category_id) 
       references categories
Hibernate: 
    alter table if exists products 
       add constraint FKog2rp4qthbtt2lfyhfo32lsw9 
       foreign key (category_id) 
       references categories
2026-07-31T07:51:36.085+01:00 DEBUG 96829 --- [           main] org.hibernate.SQL                        : 
    alter table if exists products 
       add constraint FK6i174ixi9087gcvvut45em7fd 
       foreign key (supplier_id) 
       references suppliers
Hibernate: 
    alter table if exists products 
       add constraint FK6i174ixi9087gcvvut45em7fd 
       foreign key (supplier_id) 
       references suppliers
2026-07-31T07:51:36.086+01:00 DEBUG 96829 --- [           main] org.hibernate.SQL                        : 
    alter table if exists purchase_order_items 
       add constraint FKs16e5vrvsp8alu0xp8m3a2ol5 
       foreign key (product_id) 
       references products
Hibernate: 
    alter table if exists purchase_order_items 
       add constraint FKs16e5vrvsp8alu0xp8m3a2ol5 
       foreign key (product_id) 
       references products
2026-07-31T07:51:36.088+01:00 DEBUG 96829 --- [           main] org.hibernate.SQL                        : 
    alter table if exists purchase_order_items 
       add constraint FKo3yj8ocbw2kav38548t22hgh8 
       foreign key (purchase_order_id) 
       references purchase_orders
Hibernate: 
    alter table if exists purchase_order_items 
       add constraint FKo3yj8ocbw2kav38548t22hgh8 
       foreign key (purchase_order_id) 
       references purchase_orders
2026-07-31T07:51:36.089+01:00 DEBUG 96829 --- [           main] org.hibernate.SQL                        : 
    alter table if exists purchase_orders 
       add constraint FKqykcmu4q2uk61h09lvhixkihe 
       foreign key (business_id) 
       references businesses
Hibernate: 
    alter table if exists purchase_orders 
       add constraint FKqykcmu4q2uk61h09lvhixkihe 
       foreign key (business_id) 
       references businesses
2026-07-31T07:51:36.090+01:00 DEBUG 96829 --- [           main] org.hibernate.SQL                        : 
    alter table if exists purchase_orders 
       add constraint FKcgqvocxciov7fq8tev9p50e5d 
       foreign key (created_by) 
       references users
Hibernate: 
    alter table if exists purchase_orders 
       add constraint FKcgqvocxciov7fq8tev9p50e5d 
       foreign key (created_by) 
       references users
2026-07-31T07:51:36.091+01:00 DEBUG 96829 --- [           main] org.hibernate.SQL                        : 
    alter table if exists purchase_orders 
       add constraint FKrpdasmb8y8xs5tiy4369xpinq 
       foreign key (supplier_id) 
       references suppliers
Hibernate: 
    alter table if exists purchase_orders 
       add constraint FKrpdasmb8y8xs5tiy4369xpinq 
       foreign key (supplier_id) 
       references suppliers
2026-07-31T07:51:36.093+01:00 DEBUG 96829 --- [           main] org.hibernate.SQL                        : 
    alter table if exists sale_items 
       add constraint FK8g0sjiqs7tg055o06p6wawu39 
       foreign key (product_id) 
       references products
Hibernate: 
    alter table if exists sale_items 
       add constraint FK8g0sjiqs7tg055o06p6wawu39 
       foreign key (product_id) 
       references products
2026-07-31T07:51:36.094+01:00 DEBUG 96829 --- [           main] org.hibernate.SQL                        : 
    alter table if exists sale_items 
       add constraint FK7tcpbc5c5mpnm8fl2phl8ep7l 
       foreign key (sale_id) 
       references sales
Hibernate: 
    alter table if exists sale_items 
       add constraint FK7tcpbc5c5mpnm8fl2phl8ep7l 
       foreign key (sale_id) 
       references sales
2026-07-31T07:51:36.096+01:00 DEBUG 96829 --- [           main] org.hibernate.SQL                        : 
    alter table if exists sales 
       add constraint FKknk1j38cj6hdnad7yisooiwwv 
       foreign key (business_id) 
       references businesses
Hibernate: 
    alter table if exists sales 
       add constraint FKknk1j38cj6hdnad7yisooiwwv 
       foreign key (business_id) 
       references businesses
2026-07-31T07:51:36.098+01:00 DEBUG 96829 --- [           main] org.hibernate.SQL                        : 
    alter table if exists sales 
       add constraint FKtbqsuaq9mtds03lxuiub7m4b1 
       foreign key (cashier_id) 
       references users
Hibernate: 
    alter table if exists sales 
       add constraint FKtbqsuaq9mtds03lxuiub7m4b1 
       foreign key (cashier_id) 
       references users
2026-07-31T07:51:36.099+01:00 DEBUG 96829 --- [           main] org.hibernate.SQL                        : 
    alter table if exists sales 
       add constraint FKd94vrikapjd2ews1k4lb71sfg 
       foreign key (customer_id) 
       references customers
Hibernate: 
    alter table if exists sales 
       add constraint FKd94vrikapjd2ews1k4lb71sfg 
       foreign key (customer_id) 
       references customers
2026-07-31T07:51:36.101+01:00 DEBUG 96829 --- [           main] org.hibernate.SQL                        : 
    alter table if exists stock_movements 
       add constraint FK56fcgs2by9gg19vxs2im448b 
       foreign key (business_id) 
       references businesses
Hibernate: 
    alter table if exists stock_movements 
       add constraint FK56fcgs2by9gg19vxs2im448b 
       foreign key (business_id) 
       references businesses
2026-07-31T07:51:36.104+01:00 DEBUG 96829 --- [           main] org.hibernate.SQL                        : 
    alter table if exists stock_movements 
       add constraint FKtarfmf9jkv9ovq74yswik0gsl 
       foreign key (created_by) 
       references users
Hibernate: 
    alter table if exists stock_movements 
       add constraint FKtarfmf9jkv9ovq74yswik0gsl 
       foreign key (created_by) 
       references users
2026-07-31T07:51:36.107+01:00 DEBUG 96829 --- [           main] org.hibernate.SQL                        : 
    alter table if exists stock_movements 
       add constraint FKjcaag8ogfjxpwmqypi1wfdaog 
       foreign key (product_id) 
       references products
Hibernate: 
    alter table if exists stock_movements 
       add constraint FKjcaag8ogfjxpwmqypi1wfdaog 
       foreign key (product_id) 
       references products
2026-07-31T07:51:36.109+01:00 DEBUG 96829 --- [           main] org.hibernate.SQL                        : 
    alter table if exists suppliers 
       add constraint FK36og2kushk3l33eh83w2yjmx3 
       foreign key (business_id) 
       references businesses
Hibernate: 
    alter table if exists suppliers 
       add constraint FK36og2kushk3l33eh83w2yjmx3 
       foreign key (business_id) 
       references businesses
2026-07-31T07:51:36.111+01:00 DEBUG 96829 --- [           main] org.hibernate.SQL                        : 
    alter table if exists users 
       add constraint FKjr8w4na5sc93hrmko9ejjjhd0 
       foreign key (business_id) 
       references businesses
Hibernate: 
    alter table if exists users 
       add constraint FKjr8w4na5sc93hrmko9ejjjhd0 
       foreign key (business_id) 
       references businesses
2026-07-31T07:51:36.114+01:00  INFO 96829 --- [           main] j.LocalContainerEntityManagerFactoryBean : Initialized JPA EntityManagerFactory for persistence unit 'default'
2026-07-31T07:51:36.936+01:00 DEBUG 96829 --- [           main] c.s.security.JwtAuthenticationFilter     : Filter 'jwtAuthenticationFilter' configured for use
2026-07-31T07:51:37.045+01:00  INFO 96829 --- [           main] o.s.d.j.r.query.QueryEnhancerFactory     : Hibernate is in classpath; If applicable, HQL parser will be used.
2026-07-31T07:51:39.321+01:00  WARN 96829 --- [           main] JpaBaseConfiguration$JpaWebConfiguration : spring.jpa.open-in-view is enabled by default. Therefore, database queries may be performed during view rendering. Explicitly configure spring.jpa.open-in-view to disable this warning
2026-07-31T07:51:39.513+01:00  INFO 96829 --- [           main] o.s.s.web.DefaultSecurityFilterChain     : Will secure any request with [org.springframework.security.web.session.DisableEncodeUrlFilter@dffcf1, org.springframework.security.web.context.request.async.WebAsyncManagerIntegrationFilter@738ae785, org.springframework.security.web.context.SecurityContextHolderFilter@2a5c115b, org.springframework.security.web.header.HeaderWriterFilter@66ce4b4, org.springframework.security.web.authentication.logout.LogoutFilter@2ec258f1, com.sabibiz.security.JwtAuthenticationFilter@1f408ab6, org.springframework.security.web.savedrequest.RequestCacheAwareFilter@20f3291d, org.springframework.security.web.servletapi.SecurityContextHolderAwareRequestFilter@654dbb78, org.springframework.security.web.authentication.AnonymousAuthenticationFilter@13288174, org.springframework.security.web.session.SessionManagementFilter@f9d8285, org.springframework.security.web.access.ExceptionTranslationFilter@7fba30fe, org.springframework.security.web.access.intercept.AuthorizationFilter@164cad52]
2026-07-31T07:51:40.566+01:00  INFO 96829 --- [           main] o.s.b.a.e.web.EndpointLinksResolver      : Exposing 1 endpoint(s) beneath base path '/actuator'
2026-07-31T07:51:40.705+01:00  INFO 96829 --- [           main] o.s.b.w.embedded.tomcat.TomcatWebServer  : Tomcat started on port(s): 8080 (http) with context path ''
2026-07-31T07:51:40.741+01:00  INFO 96829 --- [           main] com.sabibiz.SabibizApplication           : Started SabibizApplication in 13.238 seconds (process running for 13.945)
2026-07-31T07:51:41.005+01:00 DEBUG 96829 --- [           main] org.hibernate.SQL                        : 
    select
        u1_0.id 
    from
        users u1_0 
    where
        u1_0.username=? fetch first ? rows only
Hibernate: 
    select
        u1_0.id 
    from
        users u1_0 
    where
        u1_0.username=? fetch first ? rows only
2026-07-31T07:51:41.012+01:00  INFO 96829 --- [           main] com.sabibiz.config.DataInitializer       : Seeding default business and admin user...
2026-07-31T07:51:41.131+01:00 DEBUG 96829 --- [           main] org.hibernate.SQL                        : 
    insert 
    into
        businesses
        (address,allow_multi_branch,allow_multi_currency,alt_phone_number,business_number,city,country,created_at,currency_code,currency_symbol,date_format,email,is_active,logo_url,max_products,max_users,name,number_format,phone_number,postal_code,registration_number,settings,state,subscription_expires_at,subscription_status,tax_number,time_format,timezone,trade_name,trial_ends_at,updated_at,version,website,id) 
    values
        (?,?,?,?,?,?,?,?,?,?,?,?,?,?,?,?,?,?,?,?,?,?,?,?,?,?,?,?,?,?,?,?,?,default)
Hibernate: 
    insert 
    into
        businesses
        (address,allow_multi_branch,allow_multi_currency,alt_phone_number,business_number,city,country,created_at,currency_code,currency_symbol,date_format,email,is_active,logo_url,max_products,max_users,name,number_format,phone_number,postal_code,registration_number,settings,state,subscription_expires_at,subscription_status,tax_number,time_format,timezone,trade_name,trial_ends_at,updated_at,version,website,id) 
    values
        (?,?,?,?,?,?,?,?,?,?,?,?,?,?,?,?,?,?,?,?,?,?,?,?,?,?,?,?,?,?,?,?,?,default)
2026-07-31T07:51:41.276+01:00 DEBUG 96829 --- [           main] org.hibernate.SQL                        : 
    insert 
    into
        users
        (business_id,created_at,email,first_name,is_active,last_login_at,last_name,password,phone_number,role,updated_at,username,version,id) 
    values
        (?,?,?,?,?,?,?,?,?,?,?,?,?,default)
Hibernate: 
    insert 
    into
        users
        (business_id,created_at,email,first_name,is_active,last_login_at,last_name,password,phone_number,role,updated_at,username,version,id) 
    values
        (?,?,?,?,?,?,?,?,?,?,?,?,?,default)
2026-07-31T07:51:41.279+01:00  INFO 96829 --- [           main] com.sabibiz.config.DataInitializer       : Default admin user created: admin / admin123
2026-07-31T07:51:51.861+01:00  INFO 96829 --- [nio-8080-exec-1] o.a.c.c.C.[Tomcat].[localhost].[/]       : Initializing Spring DispatcherServlet 'dispatcherServlet'
2026-07-31T07:51:51.862+01:00  INFO 96829 --- [nio-8080-exec-1] o.s.web.servlet.DispatcherServlet        : Initializing Servlet 'dispatcherServlet'
2026-07-31T07:51:51.864+01:00  INFO 96829 --- [nio-8080-exec-1] o.s.web.servlet.DispatcherServlet        : Completed initialization in 1 ms
2026-07-31T07:51:51.882+01:00 DEBUG 96829 --- [nio-8080-exec-1] o.s.security.web.FilterChainProxy        : Securing GET /actuator/health
2026-07-31T07:51:51.894+01:00 DEBUG 96829 --- [nio-8080-exec-1] o.s.s.w.a.AnonymousAuthenticationFilter  : Set SecurityContextHolder to anonymous SecurityContext
2026-07-31T07:51:51.898+01:00 DEBUG 96829 --- [nio-8080-exec-1] o.s.security.web.FilterChainProxy        : Secured GET /actuator/health
2026-07-31T07:51:52.045+01:00 DEBUG 96829 --- [nio-8080-exec-2] o.s.security.web.FilterChainProxy        : Securing GET /api-docs
2026-07-31T07:51:52.046+01:00 DEBUG 96829 --- [nio-8080-exec-2] o.s.s.w.a.AnonymousAuthenticationFilter  : Set SecurityContextHolder to anonymous SecurityContext
2026-07-31T07:51:52.047+01:00 DEBUG 96829 --- [nio-8080-exec-2] o.s.security.web.FilterChainProxy        : Secured GET /api-docs
2026-07-31T07:51:53.936+01:00  INFO 96829 --- [nio-8080-exec-2] o.springdoc.api.AbstractOpenApiResource  : Init duration for springdoc-openapi is: 1865 ms
2026-07-31T07:51:53.969+01:00 ERROR 96829 --- [nio-8080-exec-2] c.s.exception.GlobalExceptionHandler     : Unexpected error: 

org.apache.catalina.connector.ClientAbortException: java.io.IOException: Connection reset by peer
	at org.apache.catalina.connector.OutputBuffer.doFlush(OutputBuffer.java:305) ~[tomcat-embed-core-10.1.13.jar!/:na]
	at org.apache.catalina.connector.OutputBuffer.flush(OutputBuffer.java:267) ~[tomcat-embed-core-10.1.13.jar!/:na]
	at org.apache.catalina.connector.CoyoteOutputStream.flush(CoyoteOutputStream.java:120) ~[tomcat-embed-core-10.1.13.jar!/:na]
	at org.springframework.security.web.util.OnCommittedResponseWrapper$SaveContextServletOutputStream.flush(OnCommittedResponseWrapper.java:524) ~[spring-security-web-6.1.4.jar!/:6.1.4]
	at org.springframework.util.StreamUtils.copy(StreamUtils.java:120) ~[spring-core-6.0.12.jar!/:6.0.12]
	at org.springframework.http.converter.ByteArrayHttpMessageConverter.writeInternal(ByteArrayHttpMessageConverter.java:67) ~[spring-web-6.0.12.jar!/:6.0.12]
	at org.springframework.http.converter.ByteArrayHttpMessageConverter.writeInternal(ByteArrayHttpMessageConverter.java:38) ~[spring-web-6.0.12.jar!/:6.0.12]
	at org.springframework.http.converter.AbstractHttpMessageConverter.write(AbstractHttpMessageConverter.java:225) ~[spring-web-6.0.12.jar!/:6.0.12]
	at org.springframework.web.servlet.mvc.method.annotation.AbstractMessageConverterMethodProcessor.writeWithMessageConverters(AbstractMessageConverterMethodProcessor.java:300) ~[spring-webmvc-6.0.12.jar!/:6.0.12]
	at org.springframework.web.servlet.mvc.method.annotation.RequestResponseBodyMethodProcessor.handleReturnValue(RequestResponseBodyMethodProcessor.java:194) ~[spring-webmvc-6.0.12.jar!/:6.0.12]
	at org.springframework.web.method.support.HandlerMethodReturnValueHandlerComposite.handleReturnValue(HandlerMethodReturnValueHandlerComposite.java:78) ~[spring-web-6.0.12.jar!/:6.0.12]
	at org.springframework.web.servlet.mvc.method.annotation.ServletInvocableHandlerMethod.invokeAndHandle(ServletInvocableHandlerMethod.java:136) ~[spring-webmvc-6.0.12.jar!/:6.0.12]
	at org.springframework.web.servlet.mvc.method.annotation.RequestMappingHandlerAdapter.invokeHandlerMethod(RequestMappingHandlerAdapter.java:884) ~[spring-webmvc-6.0.12.jar!/:6.0.12]
	at org.springframework.web.servlet.mvc.method.annotation.RequestMappingHandlerAdapter.handleInternal(RequestMappingHandlerAdapter.java:797) ~[spring-webmvc-6.0.12.jar!/:6.0.12]
	at org.springframework.web.servlet.mvc.method.AbstractHandlerMethodAdapter.handle(AbstractHandlerMethodAdapter.java:87) ~[spring-webmvc-6.0.12.jar!/:6.0.12]
	at org.springframework.web.servlet.DispatcherServlet.doDispatch(DispatcherServlet.java:1081) ~[spring-webmvc-6.0.12.jar!/:6.0.12]
	at org.springframework.web.servlet.DispatcherServlet.doService(DispatcherServlet.java:974) ~[spring-webmvc-6.0.12.jar!/:6.0.12]
	at org.springframework.web.servlet.FrameworkServlet.processRequest(FrameworkServlet.java:1011) ~[spring-webmvc-6.0.12.jar!/:6.0.12]
	at org.springframework.web.servlet.FrameworkServlet.doGet(FrameworkServlet.java:903) ~[spring-webmvc-6.0.12.jar!/:6.0.12]
	at jakarta.servlet.http.HttpServlet.service(HttpServlet.java:564) ~[tomcat-embed-core-10.1.13.jar!/:na]
	at org.springframework.web.servlet.FrameworkServlet.service(FrameworkServlet.java:885) ~[spring-webmvc-6.0.12.jar!/:6.0.12]
	at jakarta.servlet.http.HttpServlet.service(HttpServlet.java:658) ~[tomcat-embed-core-10.1.13.jar!/:na]
	at org.apache.catalina.core.ApplicationFilterChain.internalDoFilter(ApplicationFilterChain.java:205) ~[tomcat-embed-core-10.1.13.jar!/:na]
	at org.apache.catalina.core.ApplicationFilterChain.doFilter(ApplicationFilterChain.java:149) ~[tomcat-embed-core-10.1.13.jar!/:na]
	at org.apache.tomcat.websocket.server.WsFilter.doFilter(WsFilter.java:51) ~[tomcat-embed-websocket-10.1.13.jar!/:na]
	at org.apache.catalina.core.ApplicationFilterChain.internalDoFilter(ApplicationFilterChain.java:174) ~[tomcat-embed-core-10.1.13.jar!/:na]
	at org.apache.catalina.core.ApplicationFilterChain.doFilter(ApplicationFilterChain.java:149) ~[tomcat-embed-core-10.1.13.jar!/:na]
	at org.springframework.web.filter.OncePerRequestFilter.doFilter(OncePerRequestFilter.java:110) ~[spring-web-6.0.12.jar!/:6.0.12]
	at org.apache.catalina.core.ApplicationFilterChain.internalDoFilter(ApplicationFilterChain.java:174) ~[tomcat-embed-core-10.1.13.jar!/:na]
	at org.apache.catalina.core.ApplicationFilterChain.doFilter(ApplicationFilterChain.java:149) ~[tomcat-embed-core-10.1.13.jar!/:na]
	at org.springframework.security.web.FilterChainProxy.lambda$doFilterInternal$3(FilterChainProxy.java:231) ~[spring-security-web-6.1.4.jar!/:6.1.4]
	at org.springframework.security.web.ObservationFilterChainDecorator$FilterObservation$SimpleFilterObservation.lambda$wrap$1(ObservationFilterChainDecorator.java:479) ~[spring-security-web-6.1.4.jar!/:6.1.4]
	at org.springframework.security.web.ObservationFilterChainDecorator$AroundFilterObservation$SimpleAroundFilterObservation.lambda$wrap$1(ObservationFilterChainDecorator.java:340) ~[spring-security-web-6.1.4.jar!/:6.1.4]
	at org.springframework.security.web.ObservationFilterChainDecorator.lambda$wrapSecured$0(ObservationFilterChainDecorator.java:82) ~[spring-security-web-6.1.4.jar!/:6.1.4]
	at org.springframework.security.web.ObservationFilterChainDecorator$VirtualFilterChain.doFilter(ObservationFilterChainDecorator.java:128) ~[spring-security-web-6.1.4.jar!/:6.1.4]
	at org.springframework.security.web.access.intercept.AuthorizationFilter.doFilter(AuthorizationFilter.java:100) ~[spring-security-web-6.1.4.jar!/:6.1.4]
	at org.springframework.security.web.ObservationFilterChainDecorator$ObservationFilter.wrapFilter(ObservationFilterChainDecorator.java:240) ~[spring-security-web-6.1.4.jar!/:6.1.4]
	at org.springframework.security.web.ObservationFilterChainDecorator$ObservationFilter.doFilter(ObservationFilterChainDecorator.java:227) ~[spring-security-web-6.1.4.jar!/:6.1.4]
	at org.springframework.security.web.ObservationFilterChainDecorator$VirtualFilterChain.doFilter(ObservationFilterChainDecorator.java:137) ~[spring-security-web-6.1.4.jar!/:6.1.4]
	at org.springframework.security.web.access.ExceptionTranslationFilter.doFilter(ExceptionTranslationFilter.java:126) ~[spring-security-web-6.1.4.jar!/:6.1.4]
	at org.springframework.security.web.access.ExceptionTranslationFilter.doFilter(ExceptionTranslationFilter.java:120) ~[spring-security-web-6.1.4.jar!/:6.1.4]
	at org.springframework.security.web.ObservationFilterChainDecorator$ObservationFilter.wrapFilter(ObservationFilterChainDecorator.java:240) ~[spring-security-web-6.1.4.jar!/:6.1.4]
	at org.springframework.security.web.ObservationFilterChainDecorator$ObservationFilter.doFilter(ObservationFilterChainDecorator.java:227) ~[spring-security-web-6.1.4.jar!/:6.1.4]
	at org.springframework.security.web.ObservationFilterChainDecorator$VirtualFilterChain.doFilter(ObservationFilterChainDecorator.java:137) ~[spring-security-web-6.1.4.jar!/:6.1.4]
	at org.springframework.security.web.session.SessionManagementFilter.doFilter(SessionManagementFilter.java:131) ~[spring-security-web-6.1.4.jar!/:6.1.4]
	at org.springframework.security.web.session.SessionManagementFilter.doFilter(SessionManagementFilter.java:85) ~[spring-security-web-6.1.4.jar!/:6.1.4]
	at org.springframework.security.web.ObservationFilterChainDecorator$ObservationFilter.wrapFilter(ObservationFilterChainDecorator.java:240) ~[spring-security-web-6.1.4.jar!/:6.1.4]
	at org.springframework.security.web.ObservationFilterChainDecorator$ObservationFilter.doFilter(ObservationFilterChainDecorator.java:227) ~[spring-security-web-6.1.4.jar!/:6.1.4]
	at org.springframework.security.web.ObservationFilterChainDecorator$VirtualFilterChain.doFilter(ObservationFilterChainDecorator.java:137) ~[spring-security-web-6.1.4.jar!/:6.1.4]
	at org.springframework.security.web.authentication.AnonymousAuthenticationFilter.doFilter(AnonymousAuthenticationFilter.java:100) ~[spring-security-web-6.1.4.jar!/:6.1.4]
	at org.springframework.security.web.ObservationFilterChainDecorator$ObservationFilter.wrapFilter(ObservationFilterChainDecorator.java:240) ~[spring-security-web-6.1.4.jar!/:6.1.4]
	at org.springframework.security.web.ObservationFilterChainDecorator$ObservationFilter.doFilter(ObservationFilterChainDecorator.java:227) ~[spring-security-web-6.1.4.jar!/:6.1.4]
	at org.springframework.security.web.ObservationFilterChainDecorator$VirtualFilterChain.doFilter(ObservationFilterChainDecorator.java:137) ~[spring-security-web-6.1.4.jar!/:6.1.4]
	at org.springframework.security.web.servletapi.SecurityContextHolderAwareRequestFilter.doFilter(SecurityContextHolderAwareRequestFilter.java:179) ~[spring-security-web-6.1.4.jar!/:6.1.4]
	at org.springframework.security.web.ObservationFilterChainDecorator$ObservationFilter.wrapFilter(ObservationFilterChainDecorator.java:240) ~[spring-security-web-6.1.4.jar!/:6.1.4]
	at org.springframework.security.web.ObservationFilterChainDecorator$ObservationFilter.doFilter(ObservationFilterChainDecorator.java:227) ~[spring-security-web-6.1.4.jar!/:6.1.4]
	at org.springframework.security.web.ObservationFilterChainDecorator$VirtualFilterChain.doFilter(ObservationFilterChainDecorator.java:137) ~[spring-security-web-6.1.4.jar!/:6.1.4]
	at org.springframework.security.web.savedrequest.RequestCacheAwareFilter.doFilter(RequestCacheAwareFilter.java:63) ~[spring-security-web-6.1.4.jar!/:6.1.4]
	at org.springframework.security.web.ObservationFilterChainDecorator$ObservationFilter.wrapFilter(ObservationFilterChainDecorator.java:240) ~[spring-security-web-6.1.4.jar!/:6.1.4]
	at org.springframework.security.web.ObservationFilterChainDecorator$ObservationFilter.doFilter(ObservationFilterChainDecorator.java:227) ~[spring-security-web-6.1.4.jar!/:6.1.4]
	at org.springframework.security.web.ObservationFilterChainDecorator$VirtualFilterChain.doFilter(ObservationFilterChainDecorator.java:137) ~[spring-security-web-6.1.4.jar!/:6.1.4]
	at com.sabibiz.security.JwtAuthenticationFilter.doFilterInternal(JwtAuthenticationFilter.java:38) ~[classes!/:0.0.1-SNAPSHOT]
	at org.springframework.web.filter.OncePerRequestFilter.doFilter(OncePerRequestFilter.java:116) ~[spring-web-6.0.12.jar!/:6.0.12]
	at org.springframework.security.web.ObservationFilterChainDecorator$ObservationFilter.wrapFilter(ObservationFilterChainDecorator.java:240) ~[spring-security-web-6.1.4.jar!/:6.1.4]
	at org.springframework.security.web.ObservationFilterChainDecorator$ObservationFilter.doFilter(ObservationFilterChainDecorator.java:227) ~[spring-security-web-6.1.4.jar!/:6.1.4]
	at org.springframework.security.web.ObservationFilterChainDecorator$VirtualFilterChain.doFilter(ObservationFilterChainDecorator.java:137) ~[spring-security-web-6.1.4.jar!/:6.1.4]
	at org.springframework.security.web.authentication.logout.LogoutFilter.doFilter(LogoutFilter.java:107) ~[spring-security-web-6.1.4.jar!/:6.1.4]
	at org.springframework.security.web.authentication.logout.LogoutFilter.doFilter(LogoutFilter.java:93) ~[spring-security-web-6.1.4.jar!/:6.1.4]
	at org.springframework.security.web.ObservationFilterChainDecorator$ObservationFilter.wrapFilter(ObservationFilterChainDecorator.java:240) ~[spring-security-web-6.1.4.jar!/:6.1.4]
	at org.springframework.security.web.ObservationFilterChainDecorator$ObservationFilter.doFilter(ObservationFilterChainDecorator.java:227) ~[spring-security-web-6.1.4.jar!/:6.1.4]
	at org.springframework.security.web.ObservationFilterChainDecorator$VirtualFilterChain.doFilter(ObservationFilterChainDecorator.java:137) ~[spring-security-web-6.1.4.jar!/:6.1.4]
	at org.springframework.security.web.header.HeaderWriterFilter.doHeadersAfter(HeaderWriterFilter.java:90) ~[spring-security-web-6.1.4.jar!/:6.1.4]
	at org.springframework.security.web.header.HeaderWriterFilter.doFilterInternal(HeaderWriterFilter.java:75) ~[spring-security-web-6.1.4.jar!/:6.1.4]
	at org.springframework.web.filter.OncePerRequestFilter.doFilter(OncePerRequestFilter.java:116) ~[spring-web-6.0.12.jar!/:6.0.12]
	at org.springframework.security.web.ObservationFilterChainDecorator$ObservationFilter.wrapFilter(ObservationFilterChainDecorator.java:240) ~[spring-security-web-6.1.4.jar!/:6.1.4]
	at org.springframework.security.web.ObservationFilterChainDecorator$ObservationFilter.doFilter(ObservationFilterChainDecorator.java:227) ~[spring-security-web-6.1.4.jar!/:6.1.4]
	at org.springframework.security.web.ObservationFilterChainDecorator$VirtualFilterChain.doFilter(ObservationFilterChainDecorator.java:137) ~[spring-security-web-6.1.4.jar!/:6.1.4]
	at org.springframework.security.web.context.SecurityContextHolderFilter.doFilter(SecurityContextHolderFilter.java:82) ~[spring-security-web-6.1.4.jar!/:6.1.4]
	at org.springframework.security.web.context.SecurityContextHolderFilter.doFilter(SecurityContextHolderFilter.java:69) ~[spring-security-web-6.1.4.jar!/:6.1.4]
	at org.springframework.security.web.ObservationFilterChainDecorator$ObservationFilter.wrapFilter(ObservationFilterChainDecorator.java:240) ~[spring-security-web-6.1.4.jar!/:6.1.4]
	at org.springframework.security.web.ObservationFilterChainDecorator$ObservationFilter.doFilter(ObservationFilterChainDecorator.java:227) ~[spring-security-web-6.1.4.jar!/:6.1.4]
	at org.springframework.security.web.ObservationFilterChainDecorator$VirtualFilterChain.doFilter(ObservationFilterChainDecorator.java:137) ~[spring-security-web-6.1.4.jar!/:6.1.4]
	at org.springframework.security.web.context.request.async.WebAsyncManagerIntegrationFilter.doFilterInternal(WebAsyncManagerIntegrationFilter.java:62) ~[spring-security-web-6.1.4.jar!/:6.1.4]
	at org.springframework.web.filter.OncePerRequestFilter.doFilter(OncePerRequestFilter.java:116) ~[spring-web-6.0.12.jar!/:6.0.12]
	at org.springframework.security.web.ObservationFilterChainDecorator$ObservationFilter.wrapFilter(ObservationFilterChainDecorator.java:240) ~[spring-security-web-6.1.4.jar!/:6.1.4]
	at org.springframework.security.web.ObservationFilterChainDecorator$ObservationFilter.doFilter(ObservationFilterChainDecorator.java:227) ~[spring-security-web-6.1.4.jar!/:6.1.4]
	at org.springframework.security.web.ObservationFilterChainDecorator$VirtualFilterChain.doFilter(ObservationFilterChainDecorator.java:137) ~[spring-security-web-6.1.4.jar!/:6.1.4]
	at org.springframework.security.web.session.DisableEncodeUrlFilter.doFilterInternal(DisableEncodeUrlFilter.java:42) ~[spring-security-web-6.1.4.jar!/:6.1.4]
	at org.springframework.web.filter.OncePerRequestFilter.doFilter(OncePerRequestFilter.java:116) ~[spring-web-6.0.12.jar!/:6.0.12]
	at org.springframework.security.web.ObservationFilterChainDecorator$ObservationFilter.wrapFilter(ObservationFilterChainDecorator.java:240) ~[spring-security-web-6.1.4.jar!/:6.1.4]
	at org.springframework.security.web.ObservationFilterChainDecorator$AroundFilterObservation$SimpleAroundFilterObservation.lambda$wrap$0(ObservationFilterChainDecorator.java:323) ~[spring-security-web-6.1.4.jar!/:6.1.4]
	at org.springframework.security.web.ObservationFilterChainDecorator$ObservationFilter.doFilter(ObservationFilterChainDecorator.java:224) ~[spring-security-web-6.1.4.jar!/:6.1.4]
	at org.springframework.security.web.ObservationFilterChainDecorator$VirtualFilterChain.doFilter(ObservationFilterChainDecorator.java:137) ~[spring-security-web-6.1.4.jar!/:6.1.4]
	at org.springframework.security.web.FilterChainProxy.doFilterInternal(FilterChainProxy.java:233) ~[spring-security-web-6.1.4.jar!/:6.1.4]
	at org.springframework.security.web.FilterChainProxy.doFilter(FilterChainProxy.java:191) ~[spring-security-web-6.1.4.jar!/:6.1.4]
	at org.springframework.web.filter.DelegatingFilterProxy.invokeDelegate(DelegatingFilterProxy.java:352) ~[spring-web-6.0.12.jar!/:6.0.12]
	at org.springframework.web.filter.DelegatingFilterProxy.doFilter(DelegatingFilterProxy.java:268) ~[spring-web-6.0.12.jar!/:6.0.12]
	at org.apache.catalina.core.ApplicationFilterChain.internalDoFilter(ApplicationFilterChain.java:174) ~[tomcat-embed-core-10.1.13.jar!/:na]
	at org.apache.catalina.core.ApplicationFilterChain.doFilter(ApplicationFilterChain.java:149) ~[tomcat-embed-core-10.1.13.jar!/:na]
	at org.springframework.web.filter.RequestContextFilter.doFilterInternal(RequestContextFilter.java:100) ~[spring-web-6.0.12.jar!/:6.0.12]
	at org.springframework.web.filter.OncePerRequestFilter.doFilter(OncePerRequestFilter.java:116) ~[spring-web-6.0.12.jar!/:6.0.12]
	at org.apache.catalina.core.ApplicationFilterChain.internalDoFilter(ApplicationFilterChain.java:174) ~[tomcat-embed-core-10.1.13.jar!/:na]
	at org.apache.catalina.core.ApplicationFilterChain.doFilter(ApplicationFilterChain.java:149) ~[tomcat-embed-core-10.1.13.jar!/:na]
	at org.springframework.web.filter.FormContentFilter.doFilterInternal(FormContentFilter.java:93) ~[spring-web-6.0.12.jar!/:6.0.12]
	at org.springframework.web.filter.OncePerRequestFilter.doFilter(OncePerRequestFilter.java:116) ~[spring-web-6.0.12.jar!/:6.0.12]
	at org.apache.catalina.core.ApplicationFilterChain.internalDoFilter(ApplicationFilterChain.java:174) ~[tomcat-embed-core-10.1.13.jar!/:na]
	at org.apache.catalina.core.ApplicationFilterChain.doFilter(ApplicationFilterChain.java:149) ~[tomcat-embed-core-10.1.13.jar!/:na]
	at org.springframework.web.filter.ServerHttpObservationFilter.doFilterInternal(ServerHttpObservationFilter.java:109) ~[spring-web-6.0.12.jar!/:6.0.12]
	at org.springframework.web.filter.OncePerRequestFilter.doFilter(OncePerRequestFilter.java:116) ~[spring-web-6.0.12.jar!/:6.0.12]
	at org.apache.catalina.core.ApplicationFilterChain.internalDoFilter(ApplicationFilterChain.java:174) ~[tomcat-embed-core-10.1.13.jar!/:na]
	at org.apache.catalina.core.ApplicationFilterChain.doFilter(ApplicationFilterChain.java:149) ~[tomcat-embed-core-10.1.13.jar!/:na]
	at org.springframework.web.filter.CharacterEncodingFilter.doFilterInternal(CharacterEncodingFilter.java:201) ~[spring-web-6.0.12.jar!/:6.0.12]
	at org.springframework.web.filter.OncePerRequestFilter.doFilter(OncePerRequestFilter.java:116) ~[spring-web-6.0.12.jar!/:6.0.12]
	at org.apache.catalina.core.ApplicationFilterChain.internalDoFilter(ApplicationFilterChain.java:174) ~[tomcat-embed-core-10.1.13.jar!/:na]
	at org.apache.catalina.core.ApplicationFilterChain.doFilter(ApplicationFilterChain.java:149) ~[tomcat-embed-core-10.1.13.jar!/:na]
	at org.apache.catalina.core.StandardWrapperValve.invoke(StandardWrapperValve.java:167) ~[tomcat-embed-core-10.1.13.jar!/:na]
	at org.apache.catalina.core.StandardContextValve.invoke(StandardContextValve.java:90) ~[tomcat-embed-core-10.1.13.jar!/:na]
	at org.apache.catalina.authenticator.AuthenticatorBase.invoke(AuthenticatorBase.java:482) ~[tomcat-embed-core-10.1.13.jar!/:na]
	at org.apache.catalina.core.StandardHostValve.invoke(StandardHostValve.java:115) ~[tomcat-embed-core-10.1.13.jar!/:na]
	at org.apache.catalina.valves.ErrorReportValve.invoke(ErrorReportValve.java:93) ~[tomcat-embed-core-10.1.13.jar!/:na]
	at org.apache.catalina.core.StandardEngineValve.invoke(StandardEngineValve.java:74) ~[tomcat-embed-core-10.1.13.jar!/:na]
	at org.apache.catalina.connector.CoyoteAdapter.service(CoyoteAdapter.java:341) ~[tomcat-embed-core-10.1.13.jar!/:na]
	at org.apache.coyote.http11.Http11Processor.service(Http11Processor.java:391) ~[tomcat-embed-core-10.1.13.jar!/:na]
	at org.apache.coyote.AbstractProcessorLight.process(AbstractProcessorLight.java:63) ~[tomcat-embed-core-10.1.13.jar!/:na]
	at org.apache.coyote.AbstractProtocol$ConnectionHandler.process(AbstractProtocol.java:894) ~[tomcat-embed-core-10.1.13.jar!/:na]
	at org.apache.tomcat.util.net.NioEndpoint$SocketProcessor.doRun(NioEndpoint.java:1740) ~[tomcat-embed-core-10.1.13.jar!/:na]
	at org.apache.tomcat.util.net.SocketProcessorBase.run(SocketProcessorBase.java:52) ~[tomcat-embed-core-10.1.13.jar!/:na]
	at org.apache.tomcat.util.threads.ThreadPoolExecutor.runWorker(ThreadPoolExecutor.java:1191) ~[tomcat-embed-core-10.1.13.jar!/:na]
	at org.apache.tomcat.util.threads.ThreadPoolExecutor$Worker.run(ThreadPoolExecutor.java:659) ~[tomcat-embed-core-10.1.13.jar!/:na]
	at org.apache.tomcat.util.threads.TaskThread$WrappingRunnable.run(TaskThread.java:61) ~[tomcat-embed-core-10.1.13.jar!/:na]
	at java.base/java.lang.Thread.run(Thread.java:1583) ~[na:na]
Caused by: java.io.IOException: Connection reset by peer
	at java.base/sun.nio.ch.SocketDispatcher.write0(Native Method) ~[na:na]
	at java.base/sun.nio.ch.SocketDispatcher.write(SocketDispatcher.java:65) ~[na:na]
	at java.base/sun.nio.ch.IOUtil.writeFromNativeBuffer(IOUtil.java:137) ~[na:na]
	at java.base/sun.nio.ch.IOUtil.write(IOUtil.java:102) ~[na:na]
	at java.base/sun.nio.ch.IOUtil.write(IOUtil.java:58) ~[na:na]
	at java.base/sun.nio.ch.SocketChannelImpl.write(SocketChannelImpl.java:542) ~[na:na]
	at org.apache.tomcat.util.net.NioChannel.write(NioChannel.java:118) ~[tomcat-embed-core-10.1.13.jar!/:na]
	at org.apache.tomcat.util.net.NioEndpoint$NioSocketWrapper.doWrite(NioEndpoint.java:1381) ~[tomcat-embed-core-10.1.13.jar!/:na]
	at org.apache.tomcat.util.net.SocketWrapperBase.doWrite(SocketWrapperBase.java:764) ~[tomcat-embed-core-10.1.13.jar!/:na]
	at org.apache.tomcat.util.net.SocketWrapperBase.flushBlocking(SocketWrapperBase.java:728) ~[tomcat-embed-core-10.1.13.jar!/:na]
	at org.apache.tomcat.util.net.SocketWrapperBase.flush(SocketWrapperBase.java:712) ~[tomcat-embed-core-10.1.13.jar!/:na]
	at org.apache.coyote.http11.Http11OutputBuffer$SocketOutputBuffer.flush(Http11OutputBuffer.java:566) ~[tomcat-embed-core-10.1.13.jar!/:na]
	at org.apache.coyote.http11.filters.IdentityOutputFilter.flush(IdentityOutputFilter.java:117) ~[tomcat-embed-core-10.1.13.jar!/:na]
	at org.apache.coyote.http11.Http11OutputBuffer.flush(Http11OutputBuffer.java:220) ~[tomcat-embed-core-10.1.13.jar!/:na]
	at org.apache.coyote.http11.Http11Processor.flush(Http11Processor.java:1247) ~[tomcat-embed-core-10.1.13.jar!/:na]
	at org.apache.coyote.AbstractProcessor.action(AbstractProcessor.java:400) ~[tomcat-embed-core-10.1.13.jar!/:na]
	at org.apache.coyote.Response.action(Response.java:208) ~[tomcat-embed-core-10.1.13.jar!/:na]
	at org.apache.catalina.connector.OutputBuffer.doFlush(OutputBuffer.java:301) ~[tomcat-embed-core-10.1.13.jar!/:na]
	... 130 common frames omitted

2026-07-31T07:51:53.992+01:00  WARN 96829 --- [nio-8080-exec-2] .m.m.a.ExceptionHandlerExceptionResolver : Failure in @ExceptionHandler com.sabibiz.exception.GlobalExceptionHandler#handleGenericException(Exception)

org.apache.catalina.connector.ClientAbortException: java.io.IOException: Broken pipe
	at org.apache.catalina.connector.OutputBuffer.doFlush(OutputBuffer.java:305) ~[tomcat-embed-core-10.1.13.jar!/:na]
	at org.apache.catalina.connector.OutputBuffer.flush(OutputBuffer.java:267) ~[tomcat-embed-core-10.1.13.jar!/:na]
	at org.apache.catalina.connector.CoyoteOutputStream.flush(CoyoteOutputStream.java:120) ~[tomcat-embed-core-10.1.13.jar!/:na]
	at org.springframework.security.web.util.OnCommittedResponseWrapper$SaveContextServletOutputStream.flush(OnCommittedResponseWrapper.java:524) ~[spring-security-web-6.1.4.jar!/:6.1.4]
	at java.base/java.io.FilterOutputStream.flush(FilterOutputStream.java:155) ~[na:na]
	at com.fasterxml.jackson.core.json.UTF8JsonGenerator.flush(UTF8JsonGenerator.java:1200) ~[jackson-core-2.15.2.jar!/:2.15.2]
	at com.fasterxml.jackson.databind.ObjectWriter.writeValue(ObjectWriter.java:1063) ~[jackson-databind-2.15.2.jar!/:2.15.2]
	at org.springframework.http.converter.json.AbstractJackson2HttpMessageConverter.writeInternal(AbstractJackson2HttpMessageConverter.java:483) ~[spring-web-6.0.12.jar!/:6.0.12]
	at org.springframework.http.converter.AbstractGenericHttpMessageConverter.write(AbstractGenericHttpMessageConverter.java:103) ~[spring-web-6.0.12.jar!/:6.0.12]
	at org.springframework.web.servlet.mvc.method.annotation.AbstractMessageConverterMethodProcessor.writeWithMessageConverters(AbstractMessageConverterMethodProcessor.java:297) ~[spring-webmvc-6.0.12.jar!/:6.0.12]
	at org.springframework.web.servlet.mvc.method.annotation.HttpEntityMethodProcessor.handleReturnValue(HttpEntityMethodProcessor.java:245) ~[spring-webmvc-6.0.12.jar!/:6.0.12]
	at org.springframework.web.method.support.HandlerMethodReturnValueHandlerComposite.handleReturnValue(HandlerMethodReturnValueHandlerComposite.java:78) ~[spring-web-6.0.12.jar!/:6.0.12]
	at org.springframework.web.servlet.mvc.method.annotation.ServletInvocableHandlerMethod.invokeAndHandle(ServletInvocableHandlerMethod.java:136) ~[spring-webmvc-6.0.12.jar!/:6.0.12]
	at org.springframework.web.servlet.mvc.method.annotation.ExceptionHandlerExceptionResolver.doResolveHandlerMethodException(ExceptionHandlerExceptionResolver.java:413) ~[spring-webmvc-6.0.12.jar!/:6.0.12]
	at org.springframework.web.servlet.handler.AbstractHandlerMethodExceptionResolver.doResolveException(AbstractHandlerMethodExceptionResolver.java:74) ~[spring-webmvc-6.0.12.jar!/:6.0.12]
	at org.springframework.web.servlet.handler.AbstractHandlerExceptionResolver.resolveException(AbstractHandlerExceptionResolver.java:141) ~[spring-webmvc-6.0.12.jar!/:6.0.12]
	at org.springframework.web.servlet.handler.HandlerExceptionResolverComposite.resolveException(HandlerExceptionResolverComposite.java:80) ~[spring-webmvc-6.0.12.jar!/:6.0.12]
	at org.springframework.web.servlet.DispatcherServlet.processHandlerException(DispatcherServlet.java:1341) ~[spring-webmvc-6.0.12.jar!/:6.0.12]
	at org.springframework.web.servlet.DispatcherServlet.processDispatchResult(DispatcherServlet.java:1152) ~[spring-webmvc-6.0.12.jar!/:6.0.12]
	at org.springframework.web.servlet.DispatcherServlet.doDispatch(DispatcherServlet.java:1098) ~[spring-webmvc-6.0.12.jar!/:6.0.12]
	at org.springframework.web.servlet.DispatcherServlet.doService(DispatcherServlet.java:974) ~[spring-webmvc-6.0.12.jar!/:6.0.12]
	at org.springframework.web.servlet.FrameworkServlet.processRequest(FrameworkServlet.java:1011) ~[spring-webmvc-6.0.12.jar!/:6.0.12]
	at org.springframework.web.servlet.FrameworkServlet.doGet(FrameworkServlet.java:903) ~[spring-webmvc-6.0.12.jar!/:6.0.12]
	at jakarta.servlet.http.HttpServlet.service(HttpServlet.java:564) ~[tomcat-embed-core-10.1.13.jar!/:na]
	at org.springframework.web.servlet.FrameworkServlet.service(FrameworkServlet.java:885) ~[spring-webmvc-6.0.12.jar!/:6.0.12]
	at jakarta.servlet.http.HttpServlet.service(HttpServlet.java:658) ~[tomcat-embed-core-10.1.13.jar!/:na]
	at org.apache.catalina.core.ApplicationFilterChain.internalDoFilter(ApplicationFilterChain.java:205) ~[tomcat-embed-core-10.1.13.jar!/:na]
	at org.apache.catalina.core.ApplicationFilterChain.doFilter(ApplicationFilterChain.java:149) ~[tomcat-embed-core-10.1.13.jar!/:na]
	at org.apache.tomcat.websocket.server.WsFilter.doFilter(WsFilter.java:51) ~[tomcat-embed-websocket-10.1.13.jar!/:na]
	at org.apache.catalina.core.ApplicationFilterChain.internalDoFilter(ApplicationFilterChain.java:174) ~[tomcat-embed-core-10.1.13.jar!/:na]
	at org.apache.catalina.core.ApplicationFilterChain.doFilter(ApplicationFilterChain.java:149) ~[tomcat-embed-core-10.1.13.jar!/:na]
	at org.springframework.web.filter.OncePerRequestFilter.doFilter(OncePerRequestFilter.java:110) ~[spring-web-6.0.12.jar!/:6.0.12]
	at org.apache.catalina.core.ApplicationFilterChain.internalDoFilter(ApplicationFilterChain.java:174) ~[tomcat-embed-core-10.1.13.jar!/:na]
	at org.apache.catalina.core.ApplicationFilterChain.doFilter(ApplicationFilterChain.java:149) ~[tomcat-embed-core-10.1.13.jar!/:na]
	at org.springframework.security.web.FilterChainProxy.lambda$doFilterInternal$3(FilterChainProxy.java:231) ~[spring-security-web-6.1.4.jar!/:6.1.4]
	at org.springframework.security.web.ObservationFilterChainDecorator$FilterObservation$SimpleFilterObservation.lambda$wrap$1(ObservationFilterChainDecorator.java:479) ~[spring-security-web-6.1.4.jar!/:6.1.4]
	at org.springframework.security.web.ObservationFilterChainDecorator$AroundFilterObservation$SimpleAroundFilterObservation.lambda$wrap$1(ObservationFilterChainDecorator.java:340) ~[spring-security-web-6.1.4.jar!/:6.1.4]
	at org.springframework.security.web.ObservationFilterChainDecorator.lambda$wrapSecured$0(ObservationFilterChainDecorator.java:82) ~[spring-security-web-6.1.4.jar!/:6.1.4]
	at org.springframework.security.web.ObservationFilterChainDecorator$VirtualFilterChain.doFilter(ObservationFilterChainDecorator.java:128) ~[spring-security-web-6.1.4.jar!/:6.1.4]
	at org.springframework.security.web.access.intercept.AuthorizationFilter.doFilter(AuthorizationFilter.java:100) ~[spring-security-web-6.1.4.jar!/:6.1.4]
	at org.springframework.security.web.ObservationFilterChainDecorator$ObservationFilter.wrapFilter(ObservationFilterChainDecorator.java:240) ~[spring-security-web-6.1.4.jar!/:6.1.4]
	at org.springframework.security.web.ObservationFilterChainDecorator$ObservationFilter.doFilter(ObservationFilterChainDecorator.java:227) ~[spring-security-web-6.1.4.jar!/:6.1.4]
	at org.springframework.security.web.ObservationFilterChainDecorator$VirtualFilterChain.doFilter(ObservationFilterChainDecorator.java:137) ~[spring-security-web-6.1.4.jar!/:6.1.4]
	at org.springframework.security.web.access.ExceptionTranslationFilter.doFilter(ExceptionTranslationFilter.java:126) ~[spring-security-web-6.1.4.jar!/:6.1.4]
	at org.springframework.security.web.access.ExceptionTranslationFilter.doFilter(ExceptionTranslationFilter.java:120) ~[spring-security-web-6.1.4.jar!/:6.1.4]
	at org.springframework.security.web.ObservationFilterChainDecorator$ObservationFilter.wrapFilter(ObservationFilterChainDecorator.java:240) ~[spring-security-web-6.1.4.jar!/:6.1.4]
	at org.springframework.security.web.ObservationFilterChainDecorator$ObservationFilter.doFilter(ObservationFilterChainDecorator.java:227) ~[spring-security-web-6.1.4.jar!/:6.1.4]
	at org.springframework.security.web.ObservationFilterChainDecorator$VirtualFilterChain.doFilter(ObservationFilterChainDecorator.java:137) ~[spring-security-web-6.1.4.jar!/:6.1.4]
	at org.springframework.security.web.session.SessionManagementFilter.doFilter(SessionManagementFilter.java:131) ~[spring-security-web-6.1.4.jar!/:6.1.4]
	at org.springframework.security.web.session.SessionManagementFilter.doFilter(SessionManagementFilter.java:85) ~[spring-security-web-6.1.4.jar!/:6.1.4]
	at org.springframework.security.web.ObservationFilterChainDecorator$ObservationFilter.wrapFilter(ObservationFilterChainDecorator.java:240) ~[spring-security-web-6.1.4.jar!/:6.1.4]
	at org.springframework.security.web.ObservationFilterChainDecorator$ObservationFilter.doFilter(ObservationFilterChainDecorator.java:227) ~[spring-security-web-6.1.4.jar!/:6.1.4]
	at org.springframework.security.web.ObservationFilterChainDecorator$VirtualFilterChain.doFilter(ObservationFilterChainDecorator.java:137) ~[spring-security-web-6.1.4.jar!/:6.1.4]
	at org.springframework.security.web.authentication.AnonymousAuthenticationFilter.doFilter(AnonymousAuthenticationFilter.java:100) ~[spring-security-web-6.1.4.jar!/:6.1.4]
	at org.springframework.security.web.ObservationFilterChainDecorator$ObservationFilter.wrapFilter(ObservationFilterChainDecorator.java:240) ~[spring-security-web-6.1.4.jar!/:6.1.4]
	at org.springframework.security.web.ObservationFilterChainDecorator$ObservationFilter.doFilter(ObservationFilterChainDecorator.java:227) ~[spring-security-web-6.1.4.jar!/:6.1.4]
	at org.springframework.security.web.ObservationFilterChainDecorator$VirtualFilterChain.doFilter(ObservationFilterChainDecorator.java:137) ~[spring-security-web-6.1.4.jar!/:6.1.4]
	at org.springframework.security.web.servletapi.SecurityContextHolderAwareRequestFilter.doFilter(SecurityContextHolderAwareRequestFilter.java:179) ~[spring-security-web-6.1.4.jar!/:6.1.4]
	at org.springframework.security.web.ObservationFilterChainDecorator$ObservationFilter.wrapFilter(ObservationFilterChainDecorator.java:240) ~[spring-security-web-6.1.4.jar!/:6.1.4]
	at org.springframework.security.web.ObservationFilterChainDecorator$ObservationFilter.doFilter(ObservationFilterChainDecorator.java:227) ~[spring-security-web-6.1.4.jar!/:6.1.4]
	at org.springframework.security.web.ObservationFilterChainDecorator$VirtualFilterChain.doFilter(ObservationFilterChainDecorator.java:137) ~[spring-security-web-6.1.4.jar!/:6.1.4]
	at org.springframework.security.web.savedrequest.RequestCacheAwareFilter.doFilter(RequestCacheAwareFilter.java:63) ~[spring-security-web-6.1.4.jar!/:6.1.4]
	at org.springframework.security.web.ObservationFilterChainDecorator$ObservationFilter.wrapFilter(ObservationFilterChainDecorator.java:240) ~[spring-security-web-6.1.4.jar!/:6.1.4]
	at org.springframework.security.web.ObservationFilterChainDecorator$ObservationFilter.doFilter(ObservationFilterChainDecorator.java:227) ~[spring-security-web-6.1.4.jar!/:6.1.4]
	at org.springframework.security.web.ObservationFilterChainDecorator$VirtualFilterChain.doFilter(ObservationFilterChainDecorator.java:137) ~[spring-security-web-6.1.4.jar!/:6.1.4]
	at com.sabibiz.security.JwtAuthenticationFilter.doFilterInternal(JwtAuthenticationFilter.java:38) ~[classes!/:0.0.1-SNAPSHOT]
	at org.springframework.web.filter.OncePerRequestFilter.doFilter(OncePerRequestFilter.java:116) ~[spring-web-6.0.12.jar!/:6.0.12]
	at org.springframework.security.web.ObservationFilterChainDecorator$ObservationFilter.wrapFilter(ObservationFilterChainDecorator.java:240) ~[spring-security-web-6.1.4.jar!/:6.1.4]
	at org.springframework.security.web.ObservationFilterChainDecorator$ObservationFilter.doFilter(ObservationFilterChainDecorator.java:227) ~[spring-security-web-6.1.4.jar!/:6.1.4]
	at org.springframework.security.web.ObservationFilterChainDecorator$VirtualFilterChain.doFilter(ObservationFilterChainDecorator.java:137) ~[spring-security-web-6.1.4.jar!/:6.1.4]
	at org.springframework.security.web.authentication.logout.LogoutFilter.doFilter(LogoutFilter.java:107) ~[spring-security-web-6.1.4.jar!/:6.1.4]
	at org.springframework.security.web.authentication.logout.LogoutFilter.doFilter(LogoutFilter.java:93) ~[spring-security-web-6.1.4.jar!/:6.1.4]
	at org.springframework.security.web.ObservationFilterChainDecorator$ObservationFilter.wrapFilter(ObservationFilterChainDecorator.java:240) ~[spring-security-web-6.1.4.jar!/:6.1.4]
	at org.springframework.security.web.ObservationFilterChainDecorator$ObservationFilter.doFilter(ObservationFilterChainDecorator.java:227) ~[spring-security-web-6.1.4.jar!/:6.1.4]
	at org.springframework.security.web.ObservationFilterChainDecorator$VirtualFilterChain.doFilter(ObservationFilterChainDecorator.java:137) ~[spring-security-web-6.1.4.jar!/:6.1.4]
	at org.springframework.security.web.header.HeaderWriterFilter.doHeadersAfter(HeaderWriterFilter.java:90) ~[spring-security-web-6.1.4.jar!/:6.1.4]
	at org.springframework.security.web.header.HeaderWriterFilter.doFilterInternal(HeaderWriterFilter.java:75) ~[spring-security-web-6.1.4.jar!/:6.1.4]
	at org.springframework.web.filter.OncePerRequestFilter.doFilter(OncePerRequestFilter.java:116) ~[spring-web-6.0.12.jar!/:6.0.12]
	at org.springframework.security.web.ObservationFilterChainDecorator$ObservationFilter.wrapFilter(ObservationFilterChainDecorator.java:240) ~[spring-security-web-6.1.4.jar!/:6.1.4]
	at org.springframework.security.web.ObservationFilterChainDecorator$ObservationFilter.doFilter(ObservationFilterChainDecorator.java:227) ~[spring-security-web-6.1.4.jar!/:6.1.4]
	at org.springframework.security.web.ObservationFilterChainDecorator$VirtualFilterChain.doFilter(ObservationFilterChainDecorator.java:137) ~[spring-security-web-6.1.4.jar!/:6.1.4]
	at org.springframework.security.web.context.SecurityContextHolderFilter.doFilter(SecurityContextHolderFilter.java:82) ~[spring-security-web-6.1.4.jar!/:6.1.4]
	at org.springframework.security.web.context.SecurityContextHolderFilter.doFilter(SecurityContextHolderFilter.java:69) ~[spring-security-web-6.1.4.jar!/:6.1.4]
	at org.springframework.security.web.ObservationFilterChainDecorator$ObservationFilter.wrapFilter(ObservationFilterChainDecorator.java:240) ~[spring-security-web-6.1.4.jar!/:6.1.4]
	at org.springframework.security.web.ObservationFilterChainDecorator$ObservationFilter.doFilter(ObservationFilterChainDecorator.java:227) ~[spring-security-web-6.1.4.jar!/:6.1.4]
	at org.springframework.security.web.ObservationFilterChainDecorator$VirtualFilterChain.doFilter(ObservationFilterChainDecorator.java:137) ~[spring-security-web-6.1.4.jar!/:6.1.4]
	at org.springframework.security.web.context.request.async.WebAsyncManagerIntegrationFilter.doFilterInternal(WebAsyncManagerIntegrationFilter.java:62) ~[spring-security-web-6.1.4.jar!/:6.1.4]
	at org.springframework.web.filter.OncePerRequestFilter.doFilter(OncePerRequestFilter.java:116) ~[spring-web-6.0.12.jar!/:6.0.12]
	at org.springframework.security.web.ObservationFilterChainDecorator$ObservationFilter.wrapFilter(ObservationFilterChainDecorator.java:240) ~[spring-security-web-6.1.4.jar!/:6.1.4]
	at org.springframework.security.web.ObservationFilterChainDecorator$ObservationFilter.doFilter(ObservationFilterChainDecorator.java:227) ~[spring-security-web-6.1.4.jar!/:6.1.4]
	at org.springframework.security.web.ObservationFilterChainDecorator$VirtualFilterChain.doFilter(ObservationFilterChainDecorator.java:137) ~[spring-security-web-6.1.4.jar!/:6.1.4]
	at org.springframework.security.web.session.DisableEncodeUrlFilter.doFilterInternal(DisableEncodeUrlFilter.java:42) ~[spring-security-web-6.1.4.jar!/:6.1.4]
	at org.springframework.web.filter.OncePerRequestFilter.doFilter(OncePerRequestFilter.java:116) ~[spring-web-6.0.12.jar!/:6.0.12]
	at org.springframework.security.web.ObservationFilterChainDecorator$ObservationFilter.wrapFilter(ObservationFilterChainDecorator.java:240) ~[spring-security-web-6.1.4.jar!/:6.1.4]
	at org.springframework.security.web.ObservationFilterChainDecorator$AroundFilterObservation$SimpleAroundFilterObservation.lambda$wrap$0(ObservationFilterChainDecorator.java:323) ~[spring-security-web-6.1.4.jar!/:6.1.4]
	at org.springframework.security.web.ObservationFilterChainDecorator$ObservationFilter.doFilter(ObservationFilterChainDecorator.java:224) ~[spring-security-web-6.1.4.jar!/:6.1.4]
	at org.springframework.security.web.ObservationFilterChainDecorator$VirtualFilterChain.doFilter(ObservationFilterChainDecorator.java:137) ~[spring-security-web-6.1.4.jar!/:6.1.4]
	at org.springframework.security.web.FilterChainProxy.doFilterInternal(FilterChainProxy.java:233) ~[spring-security-web-6.1.4.jar!/:6.1.4]
	at org.springframework.security.web.FilterChainProxy.doFilter(FilterChainProxy.java:191) ~[spring-security-web-6.1.4.jar!/:6.1.4]
	at org.springframework.web.filter.DelegatingFilterProxy.invokeDelegate(DelegatingFilterProxy.java:352) ~[spring-web-6.0.12.jar!/:6.0.12]
	at org.springframework.web.filter.DelegatingFilterProxy.doFilter(DelegatingFilterProxy.java:268) ~[spring-web-6.0.12.jar!/:6.0.12]
	at org.apache.catalina.core.ApplicationFilterChain.internalDoFilter(ApplicationFilterChain.java:174) ~[tomcat-embed-core-10.1.13.jar!/:na]
	at org.apache.catalina.core.ApplicationFilterChain.doFilter(ApplicationFilterChain.java:149) ~[tomcat-embed-core-10.1.13.jar!/:na]
	at org.springframework.web.filter.RequestContextFilter.doFilterInternal(RequestContextFilter.java:100) ~[spring-web-6.0.12.jar!/:6.0.12]
	at org.springframework.web.filter.OncePerRequestFilter.doFilter(OncePerRequestFilter.java:116) ~[spring-web-6.0.12.jar!/:6.0.12]
	at org.apache.catalina.core.ApplicationFilterChain.internalDoFilter(ApplicationFilterChain.java:174) ~[tomcat-embed-core-10.1.13.jar!/:na]
	at org.apache.catalina.core.ApplicationFilterChain.doFilter(ApplicationFilterChain.java:149) ~[tomcat-embed-core-10.1.13.jar!/:na]
	at org.springframework.web.filter.FormContentFilter.doFilterInternal(FormContentFilter.java:93) ~[spring-web-6.0.12.jar!/:6.0.12]
	at org.springframework.web.filter.OncePerRequestFilter.doFilter(OncePerRequestFilter.java:116) ~[spring-web-6.0.12.jar!/:6.0.12]
	at org.apache.catalina.core.ApplicationFilterChain.internalDoFilter(ApplicationFilterChain.java:174) ~[tomcat-embed-core-10.1.13.jar!/:na]
	at org.apache.catalina.core.ApplicationFilterChain.doFilter(ApplicationFilterChain.java:149) ~[tomcat-embed-core-10.1.13.jar!/:na]
	at org.springframework.web.filter.ServerHttpObservationFilter.doFilterInternal(ServerHttpObservationFilter.java:109) ~[spring-web-6.0.12.jar!/:6.0.12]
	at org.springframework.web.filter.OncePerRequestFilter.doFilter(OncePerRequestFilter.java:116) ~[spring-web-6.0.12.jar!/:6.0.12]
	at org.apache.catalina.core.ApplicationFilterChain.internalDoFilter(ApplicationFilterChain.java:174) ~[tomcat-embed-core-10.1.13.jar!/:na]
	at org.apache.catalina.core.ApplicationFilterChain.doFilter(ApplicationFilterChain.java:149) ~[tomcat-embed-core-10.1.13.jar!/:na]
	at org.springframework.web.filter.CharacterEncodingFilter.doFilterInternal(CharacterEncodingFilter.java:201) ~[spring-web-6.0.12.jar!/:6.0.12]
	at org.springframework.web.filter.OncePerRequestFilter.doFilter(OncePerRequestFilter.java:116) ~[spring-web-6.0.12.jar!/:6.0.12]
	at org.apache.catalina.core.ApplicationFilterChain.internalDoFilter(ApplicationFilterChain.java:174) ~[tomcat-embed-core-10.1.13.jar!/:na]
	at org.apache.catalina.core.ApplicationFilterChain.doFilter(ApplicationFilterChain.java:149) ~[tomcat-embed-core-10.1.13.jar!/:na]
	at org.apache.catalina.core.StandardWrapperValve.invoke(StandardWrapperValve.java:167) ~[tomcat-embed-core-10.1.13.jar!/:na]
	at org.apache.catalina.core.StandardContextValve.invoke(StandardContextValve.java:90) ~[tomcat-embed-core-10.1.13.jar!/:na]
	at org.apache.catalina.authenticator.AuthenticatorBase.invoke(AuthenticatorBase.java:482) ~[tomcat-embed-core-10.1.13.jar!/:na]
	at org.apache.catalina.core.StandardHostValve.invoke(StandardHostValve.java:115) ~[tomcat-embed-core-10.1.13.jar!/:na]
	at org.apache.catalina.valves.ErrorReportValve.invoke(ErrorReportValve.java:93) ~[tomcat-embed-core-10.1.13.jar!/:na]
	at org.apache.catalina.core.StandardEngineValve.invoke(StandardEngineValve.java:74) ~[tomcat-embed-core-10.1.13.jar!/:na]
	at org.apache.catalina.connector.CoyoteAdapter.service(CoyoteAdapter.java:341) ~[tomcat-embed-core-10.1.13.jar!/:na]
	at org.apache.coyote.http11.Http11Processor.service(Http11Processor.java:391) ~[tomcat-embed-core-10.1.13.jar!/:na]
	at org.apache.coyote.AbstractProcessorLight.process(AbstractProcessorLight.java:63) ~[tomcat-embed-core-10.1.13.jar!/:na]
	at org.apache.coyote.AbstractProtocol$ConnectionHandler.process(AbstractProtocol.java:894) ~[tomcat-embed-core-10.1.13.jar!/:na]
	at org.apache.tomcat.util.net.NioEndpoint$SocketProcessor.doRun(NioEndpoint.java:1740) ~[tomcat-embed-core-10.1.13.jar!/:na]
	at org.apache.tomcat.util.net.SocketProcessorBase.run(SocketProcessorBase.java:52) ~[tomcat-embed-core-10.1.13.jar!/:na]
	at org.apache.tomcat.util.threads.ThreadPoolExecutor.runWorker(ThreadPoolExecutor.java:1191) ~[tomcat-embed-core-10.1.13.jar!/:na]
	at org.apache.tomcat.util.threads.ThreadPoolExecutor$Worker.run(ThreadPoolExecutor.java:659) ~[tomcat-embed-core-10.1.13.jar!/:na]
	at org.apache.tomcat.util.threads.TaskThread$WrappingRunnable.run(TaskThread.java:61) ~[tomcat-embed-core-10.1.13.jar!/:na]
	at java.base/java.lang.Thread.run(Thread.java:1583) ~[na:na]
Caused by: java.io.IOException: Broken pipe
	at java.base/sun.nio.ch.SocketDispatcher.write0(Native Method) ~[na:na]
	at java.base/sun.nio.ch.SocketDispatcher.write(SocketDispatcher.java:65) ~[na:na]
	at java.base/sun.nio.ch.IOUtil.writeFromNativeBuffer(IOUtil.java:137) ~[na:na]
	at java.base/sun.nio.ch.IOUtil.write(IOUtil.java:102) ~[na:na]
	at java.base/sun.nio.ch.IOUtil.write(IOUtil.java:58) ~[na:na]
	at java.base/sun.nio.ch.SocketChannelImpl.write(SocketChannelImpl.java:542) ~[na:na]
	at org.apache.tomcat.util.net.NioChannel.write(NioChannel.java:118) ~[tomcat-embed-core-10.1.13.jar!/:na]
	at org.apache.tomcat.util.net.NioEndpoint$NioSocketWrapper.doWrite(NioEndpoint.java:1381) ~[tomcat-embed-core-10.1.13.jar!/:na]
	at org.apache.tomcat.util.net.SocketWrapperBase.doWrite(SocketWrapperBase.java:764) ~[tomcat-embed-core-10.1.13.jar!/:na]
	at org.apache.tomcat.util.net.SocketWrapperBase.flushBlocking(SocketWrapperBase.java:728) ~[tomcat-embed-core-10.1.13.jar!/:na]
	at org.apache.tomcat.util.net.SocketWrapperBase.flush(SocketWrapperBase.java:712) ~[tomcat-embed-core-10.1.13.jar!/:na]
	at org.apache.coyote.http11.Http11OutputBuffer$SocketOutputBuffer.flush(Http11OutputBuffer.java:566) ~[tomcat-embed-core-10.1.13.jar!/:na]
	at org.apache.coyote.http11.filters.IdentityOutputFilter.flush(IdentityOutputFilter.java:117) ~[tomcat-embed-core-10.1.13.jar!/:na]
	at org.apache.coyote.http11.Http11OutputBuffer.flush(Http11OutputBuffer.java:220) ~[tomcat-embed-core-10.1.13.jar!/:na]
	at org.apache.coyote.http11.Http11Processor.flush(Http11Processor.java:1247) ~[tomcat-embed-core-10.1.13.jar!/:na]
	at org.apache.coyote.AbstractProcessor.action(AbstractProcessor.java:400) ~[tomcat-embed-core-10.1.13.jar!/:na]
	at org.apache.coyote.Response.action(Response.java:208) ~[tomcat-embed-core-10.1.13.jar!/:na]
	at org.apache.catalina.connector.OutputBuffer.doFlush(OutputBuffer.java:301) ~[tomcat-embed-core-10.1.13.jar!/:na]
	... 134 common frames omitted

2026-07-31T07:54:26.945+01:00  INFO 96829 --- [ionShutdownHook] j.LocalContainerEntityManagerFactoryBean : Closing JPA EntityManagerFactory for persistence unit 'default'
2026-07-31T07:54:26.951+01:00  INFO 96829 --- [ionShutdownHook] com.zaxxer.hikari.HikariDataSource       : HikariPool-1 - Shutdown initiated...
2026-07-31T07:54:26.956+01:00  INFO 96829 --- [ionShutdownHook] com.zaxxer.hikari.HikariDataSource       : HikariPool-1 - Shutdown completed.
